"","outletID","class","Freq","YEAR"
"1",1,1,61063,1990
"2",1,2,1787,1990
"3",1,4,168,1990
"4",1,6,3361,1990
"5",1,7,886,1990
"6",1,NA,8233,1990
"7",4,1,1612,1990
"8",4,3,1,1990
"9",4,4,552,1990
"10",4,6,26,1990
"11",5,1,2823,1990
"12",5,6,525,1990
"13",6,1,2208,1990
"14",8,1,2205,1990
"15",10,1,11239,1990
"16",10,6,2069,1990
"17",12,1,51202,1990
"18",12,2,2397,1990
"19",12,5,14626,1990
"20",12,6,1218,1990
"21",12,7,1,1990
"22",14,1,1819,1990
"23",15,1,12106,1990
"24",15,2,497,1990
"25",15,5,59,1990
"26",15,6,74,1990
"27",15,7,5,1990
"28",16,1,53464,1990
"29",16,2,1041,1990
"30",16,3,1,1990
"31",16,4,243,1990
"32",16,5,2084,1990
"33",16,6,38,1990
"34",16,7,25,1990
"35",18,1,222617,1990
"36",18,2,4474,1990
"37",18,3,11,1990
"38",18,4,6681,1990
"39",18,5,48561,1990
"40",18,6,10663,1990
"41",18,7,310,1990
"42",22,1,149064,1990
"43",22,2,677,1990
"44",22,4,245,1990
"45",22,6,10,1990
"46",22,7,182,1990
"47",34,1,21791,1990
"48",34,3,2933,1990
"49",34,4,6530,1990
"50",35,1,3914,1990
"51",35,3,373,1990
"52",35,4,11025,1990
"53",35,6,8,1990
"54",36,1,288,1990
"55",36,4,304,1990
"56",38,1,14054,1990
"57",38,3,743,1990
"58",38,4,313,1990
"59",40,1,569,1990
"60",41,1,2510,1990
"61",46,1,306,1990
"62",46,4,89,1990
"63",47,1,4061,1990
"64",47,2,69,1990
"65",47,3,130,1990
"66",47,4,5273,1990
"67",47,5,11,1990
"68",48,1,9450,1990
"69",48,3,1,1990
"70",48,4,665,1990
"71",48,6,20,1990
"72",49,1,6830,1990
"73",49,3,5,1990
"74",49,4,107,1990
"75",50,1,3960,1990
"76",50,3,92,1990
"77",50,4,2618,1990
"78",52,1,57,1990
"79",52,4,48,1990
"80",53,1,100,1990
"81",54,1,510,1990
"82",54,4,30,1990
"83",55,1,865,1990
"84",55,4,33,1990
"85",56,1,1101,1990
"86",57,1,57088,1990
"87",57,2,310,1990
"88",57,4,250,1990
"89",57,5,715,1990
"90",57,7,299,1990
"91",58,1,678,1990
"92",58,4,87,1990
"93",60,1,50054,1990
"94",60,2,805,1990
"95",60,4,489,1990
"96",60,5,261,1990
"97",61,1,16264,1990
"98",61,5,2430,1990
"99",63,1,895,1990
"100",65,1,153720,1990
"101",65,2,6138,1990
"102",65,5,113455,1990
"103",65,7,1537,1990
"104",66,1,167,1990
"105",68,1,54081,1990
"106",68,2,145,1990
"107",68,4,311,1990
"108",68,5,1196,1990
"109",68,7,685,1990
"110",69,1,7621,1990
"111",69,2,2249,1990
"112",69,5,1157,1990
"113",69,7,3,1990
"114",70,1,9004,1990
"115",70,2,99,1990
"116",70,4,788,1990
"117",70,5,1090,1990
"118",71,1,16413,1990
"119",71,2,3665,1990
"120",71,3,2,1990
"121",71,4,38,1990
"122",71,5,7391,1990
"123",71,7,3,1990
"124",72,1,493,1990
"125",72,4,7,1990
"126",73,1,557,1990
"127",73,4,21,1990
"128",74,1,206,1990
"129",74,4,12,1990
"130",75,1,5243,1990
"131",75,2,1338,1990
"132",75,3,93,1990
"133",75,4,710,1990
"134",75,5,248,1990
"135",75,7,29,1990
"136",76,1,16949,1990
"137",76,2,2,1990
"138",76,4,1093,1990
"139",76,5,7512,1990
"140",77,1,5714,1990
"141",77,4,2031,1990
"142",77,5,194,1990
"143",77,7,8,1990
"144",79,1,866,1990
"145",80,1,538,1990
"146",84,1,1018,1990
"147",85,1,27062,1990
"148",85,4,657,1990
"149",85,5,1494,1990
"150",85,6,32,1990
"151",85,7,259,1990
"152",86,1,45538,1990
"153",86,2,2164,1990
"154",86,4,2399,1990
"155",86,5,2192,1990
"156",86,6,49,1990
"157",86,7,1886,1990
"158",87,1,5663,1990
"159",87,2,164,1990
"160",87,5,1621,1990
"161",87,7,24,1990
"162",88,1,56776,1990
"163",88,3,43,1990
"164",88,4,17085,1990
"165",88,5,692,1990
"166",88,6,61,1990
"167",88,7,605,1990
"168",89,1,1215,1990
"169",89,4,53,1990
"170",93,1,1114,1990
"171",93,4,1070,1990
"172",94,1,31972,1990
"173",94,2,1720,1990
"174",94,3,68,1990
"175",94,4,1195,1990
"176",94,5,5492,1990
"177",94,7,159,1990
"178",95,1,298,1990
"179",97,1,601,1990
"180",98,1,2446,1990
"181",98,4,77,1990
"182",101,1,379,1990
"183",103,1,279,1990
"184",104,1,553,1990
"185",107,1,309,1990
"186",111,1,779,1990
"187",112,1,752,1990
"188",117,1,1688,1990
"189",118,1,1673,1990
"190",119,1,1065,1990
"191",120,1,15582,1990
"192",120,2,21,1990
"193",120,4,3122,1990
"194",120,5,168,1990
"195",121,1,7146,1990
"196",121,4,748,1990
"197",121,5,169,1990
"198",123,1,7719,1990
"199",123,4,70,1990
"200",123,6,10,1990
"201",124,1,32824,1990
"202",124,2,609,1990
"203",124,3,76,1990
"204",124,4,70,1990
"205",124,5,19735,1990
"206",125,1,2540,1990
"207",126,1,1687,1990
"208",127,1,99,1990
"209",127,4,235,1990
"210",128,1,1532,1990
"211",128,4,477,1990
"212",129,1,57791,1990
"213",129,3,29,1990
"214",129,4,7081,1990
"215",129,5,854,1990
"216",129,6,5762,1990
"217",130,1,5828,1990
"218",130,4,131,1990
"219",130,6,5139,1990
"220",131,1,18138,1990
"221",131,2,11,1990
"222",131,4,1029,1990
"223",131,5,1398,1990
"224",131,7,20,1990
"225",132,1,1034,1990
"226",132,4,152,1990
"227",133,1,15288,1990
"228",133,2,789,1990
"229",133,4,271,1990
"230",133,5,5908,1990
"231",134,1,12882,1990
"232",134,4,24,1990
"233",134,5,1054,1990
"234",135,1,414,1990
"235",136,1,4459,1990
"236",136,2,52,1990
"237",136,5,1683,1990
"238",138,1,7995,1990
"239",138,3,2,1990
"240",138,4,2942,1990
"241",138,5,1168,1990
"242",139,1,617,1990
"243",140,1,975,1990
"244",140,4,33,1990
"245",141,1,5471,1990
"246",141,4,77,1990
"247",141,5,67,1990
"248",142,1,2231,1990
"249",142,4,266,1990
"250",142,5,18,1990
"251",144,1,12042,1990
"252",144,2,252,1990
"253",144,5,699,1990
"254",145,1,434,1990
"255",145,4,148,1990
"256",147,1,1856,1990
"257",147,2,182,1990
"258",147,4,47,1990
"259",148,1,3275,1990
"260",148,2,271,1990
"261",149,1,3586,1990
"262",149,2,1837,1990
"263",150,1,5875,1990
"264",150,2,892,1990
"265",150,4,5,1990
"266",150,5,5,1990
"267",151,1,2534,1990
"268",151,2,105,1990
"269",152,1,921,1990
"270",155,1,1666,1990
"271",155,2,351,1990
"272",156,1,25743,1990
"273",156,2,3444,1990
"274",156,4,520,1990
"275",156,5,5359,1990
"276",156,6,1,1990
"277",158,1,1354,1990
"278",159,1,2155,1990
"279",159,4,22,1990
"280",160,1,5172,1990
"281",160,4,24,1990
"282",160,5,5,1990
"283",161,1,331,1990
"284",161,4,44,1990
"285",162,1,825,1990
"286",162,4,16,1990
"287",163,1,320,1990
"288",163,4,5,1990
"289",164,1,1949,1990
"290",164,7,5,1990
"291",165,1,498,1990
"292",165,7,12,1990
"293",166,1,735,1990
"294",166,4,58,1990
"295",167,1,2531,1990
"296",167,4,139,1990
"297",168,1,1272,1990
"298",168,4,23,1990
"299",169,1,965,1990
"300",169,5,54,1990
"301",170,1,534,1990
"302",170,4,113,1990
"303",173,1,1970,1990
"304",173,4,1460,1990
"305",174,1,325,1990
"306",174,4,36,1990
"307",175,1,187,1990
"308",175,4,8,1990
"309",176,1,3308,1990
"310",176,4,1141,1990
"311",177,1,2598,1990
"312",177,4,186,1990
"313",178,1,4078,1990
"314",178,4,334,1990
"315",178,5,5,1990
"316",180,1,2759,1990
"317",180,2,130,1990
"318",180,4,145,1990
"319",181,1,3131,1990
"320",181,4,57,1990
"321",181,7,200,1990
"322",183,1,215,1990
"323",184,1,2448,1990
"324",184,2,550,1990
"325",184,4,57,1990
"326",185,1,3895,1990
"327",185,2,334,1990
"328",185,4,100,1990
"329",185,5,85,1990
"330",186,1,3152,1990
"331",187,1,1382,1990
"332",189,1,383,1990
"333",189,4,12,1990
"334",190,1,629,1990
"335",190,4,8,1990
"336",192,1,431,1990
"337",194,1,2569,1990
"338",195,1,1864,1990
"339",195,4,223,1990
"340",196,1,319,1990
"341",196,4,50,1990
"342",197,1,14214,1990
"343",197,2,76,1990
"344",197,4,32,1990
"345",198,1,1642,1990
"346",198,2,72,1990
"347",200,1,544,1990
"348",200,7,30,1990
"349",201,1,1729,1990
"350",201,4,4,1990
"351",202,1,563,1990
"352",202,2,7,1990
"353",203,1,233,1990
"354",205,1,2702,1990
"355",205,5,169,1990
"356",206,1,5499,1990
"357",206,5,1238,1990
"358",208,1,2039,1990
"359",208,5,3,1990
"360",209,1,1976,1990
"361",210,1,1627,1990
"362",210,2,94,1990
"363",211,1,1928,1990
"364",211,5,50,1990
"365",212,1,1342,1990
"366",212,5,40,1990
"367",213,1,730,1990
"368",213,5,15,1990
"369",214,1,3348,1990
"370",216,1,725,1990
"371",216,2,2,1990
"372",216,5,31,1990
"373",217,1,1000,1990
"374",217,2,6,1990
"375",217,5,12,1990
"376",219,1,2699,1990
"377",219,2,188,1990
"378",219,5,14,1990
"379",220,1,483,1990
"380",220,2,18,1990
"381",221,1,743,1990
"382",221,2,62,1990
"383",222,1,581,1990
"384",222,2,195,1990
"385",223,1,755,1990
"386",223,2,93,1990
"387",224,1,4207,1990
"388",224,2,3033,1990
"389",224,5,471,1990
"390",227,1,628,1990
"391",227,4,18,1990
"392",228,1,2223,1990
"393",230,1,2695,1990
"394",231,1,695,1990
"395",233,1,10717,1990
"396",233,2,619,1990
"397",233,5,440,1990
"398",234,1,795,1990
"399",235,1,1465,1990
"400",238,1,528,1990
"401",238,5,4,1990
"402",239,1,1561,1990
"403",239,2,525,1990
"404",239,4,33,1990
"405",239,5,124,1990
"406",241,1,1520,1990
"407",241,2,5,1990
"408",241,4,27,1990
"409",242,1,634,1990
"410",243,1,4727,1990
"411",243,2,1243,1990
"412",243,4,38,1990
"413",243,5,529,1990
"414",244,1,1635,1990
"415",244,4,52,1990
"416",245,1,323,1990
"417",247,1,389,1990
"418",247,4,33,1990
"419",248,1,430,1990
"420",249,1,2597,1990
"421",249,4,18,1990
"422",249,5,290,1990
"423",253,1,1289,1990
"424",259,1,685,1990
"425",259,4,158,1990
"426",260,1,314,1990
"427",261,1,9937,1990
"428",261,2,619,1990
"429",261,5,3078,1990
"430",262,1,305,1990
"431",262,4,5,1990
"432",263,1,4682,1990
"433",263,2,990,1990
"434",263,5,689,1990
"435",269,1,1072,1990
"436",269,5,166,1990
"437",270,1,2280,1990
"438",270,2,20,1990
"439",270,5,215,1990
"440",274,1,3380,1990
"441",274,2,2347,1990
"442",274,4,32,1990
"443",274,5,448,1990
"444",276,1,755,1990
"445",277,1,4403,1990
"446",277,2,225,1990
"447",277,5,236,1990
"448",277,6,57,1990
"449",278,1,1033,1990
"450",278,5,376,1990
"451",281,1,1009,1990
"452",281,2,2,1990
"453",281,5,278,1990
"454",282,1,2976,1990
"455",282,2,85,1990
"456",282,4,20,1990
"457",284,1,10751,1990
"458",284,2,4882,1990
"459",284,4,105,1990
"460",284,5,3528,1990
"461",285,1,5671,1990
"462",285,2,3843,1990
"463",285,4,129,1990
"464",285,5,1207,1990
"465",288,1,392,1990
"466",288,4,11,1990
"467",289,1,239,1990
"468",289,4,92,1990
"469",290,1,322,1990
"470",290,4,71,1990
"471",291,1,19889,1990
"472",291,2,237,1990
"473",291,4,193,1990
"474",291,5,757,1990
"475",294,1,766,1990
"476",296,1,1217,1990
"477",296,2,530,1990
"478",296,4,26,1990
"479",296,5,736,1990
"480",300,1,5366,1990
"481",300,5,1572,1990
"482",303,1,866,1990
"483",306,1,2734,1990
"484",310,1,1419,1990
"485",310,2,272,1990
"486",310,4,8,1990
"487",311,1,540,1990
"488",311,4,74,1990
"489",312,1,1406,1990
"490",312,4,194,1990
"491",314,1,946,1990
"492",316,1,333,1990
"493",323,1,360,1990
"494",324,1,392,1990
"495",333,1,3547,1990
"496",333,4,1,1990
"497",338,1,477,1990
"498",340,1,554,1990
"499",342,1,2311,1990
"500",345,1,2393,1990
"501",345,2,99,1990
"502",345,5,58,1990
"503",346,1,1436,1990
"504",346,2,3,1990
"505",347,1,992,1990
"506",347,2,182,1990
"507",348,1,2165,1990
"508",348,4,15,1990
"509",350,1,606,1990
"510",350,2,1,1990
"511",351,1,883,1990
"512",352,1,1796,1990
"513",352,2,972,1990
"514",353,1,822,1990
"515",353,4,13,1990
"516",354,1,3875,1990
"517",354,4,119,1990
"518",355,1,461,1990
"519",355,5,2,1990
"520",360,1,783,1990
"521",360,2,24,1990
"522",360,5,1,1990
"523",361,1,291,1990
"524",361,2,26,1990
"525",361,4,186,1990
"526",364,1,178,1990
"527",364,4,108,1990
"528",365,1,400,1990
"529",365,2,152,1990
"530",365,3,1,1990
"531",365,4,232,1990
"532",365,5,9,1990
"533",370,1,2402,1990
"534",370,4,59,1990
"535",370,5,67,1990
"536",371,1,531,1990
"537",371,4,605,1990
"538",372,1,495,1990
"539",372,4,158,1990
"540",374,1,1876,1990
"541",374,3,1,1990
"542",374,4,513,1990
"543",374,5,1,1990
"544",377,1,216,1990
"545",377,4,50,1990
"546",378,1,354,1990
"547",378,4,234,1990
"548",379,1,151,1990
"549",379,4,95,1990
"550",380,1,543,1990
"551",380,4,582,1990
"552",382,1,337,1990
"553",382,4,25,1990
"554",384,1,997,1990
"555",384,2,160,1990
"556",384,3,13,1990
"557",384,4,512,1990
"558",384,5,57,1990
"559",384,7,13,1990
"560",389,1,2494,1990
"561",389,4,106,1990
"562",390,1,559,1990
"563",390,2,583,1990
"564",390,4,55,1990
"565",392,1,579,1990
"566",392,4,345,1990
"567",393,1,5139,1990
"568",393,2,1680,1990
"569",393,3,12,1990
"570",393,4,1753,1990
"571",393,5,1457,1990
"572",393,6,13,1990
"573",393,7,5,1990
"574",395,1,932,1990
"575",395,2,793,1990
"576",395,4,166,1990
"577",395,5,675,1990
"578",395,7,4,1990
"579",396,1,358,1990
"580",396,2,16,1990
"581",396,4,270,1990
"582",396,5,47,1990
"583",399,1,178,1990
"584",399,4,494,1990
"585",402,1,121,1990
"586",402,2,211,1990
"587",402,4,249,1990
"588",402,5,2,1990
"589",406,1,572,1990
"590",406,2,814,1990
"591",406,4,54,1990
"592",406,5,255,1990
"593",408,1,3702,1990
"594",408,2,1506,1990
"595",408,4,166,1990
"596",408,5,1904,1990
"597",410,1,546,1990
"598",410,2,114,1990
"599",410,4,151,1990
"600",410,5,3,1990
"601",413,1,796,1990
"602",413,4,195,1990
"603",413,5,95,1990
"604",415,1,237,1990
"605",415,2,121,1990
"606",415,4,161,1990
"607",416,1,93,1990
"608",416,2,312,1990
"609",416,4,65,1990
"610",419,1,185,1990
"611",419,2,16,1990
"612",419,4,249,1990
"613",420,1,2524,1990
"614",420,2,1545,1990
"615",420,4,34,1990
"616",420,5,539,1990
"617",420,6,1,1990
"618",422,1,328,1990
"619",422,2,556,1990
"620",422,4,27,1990
"621",422,5,2,1990
"622",423,1,1991,1990
"623",423,2,568,1990
"624",423,4,203,1990
"625",423,5,23,1990
"626",426,1,527,1990
"627",426,5,95,1990
"628",427,1,1374,1990
"629",427,2,344,1990
"630",427,4,44,1990
"631",427,5,62,1990
"632",428,1,549,1990
"633",428,4,81,1990
"634",431,1,28,1990
"635",432,1,1717,1990
"636",432,2,820,1990
"637",432,4,74,1990
"638",432,5,14,1990
"639",433,1,664,1990
"640",434,1,134,1990
"641",434,4,15,1990
"642",438,1,1647,1990
"643",438,2,52,1990
"644",438,4,57,1990
"645",438,5,351,1990
"646",438,7,5,1990
"647",439,1,327,1990
"648",439,2,1624,1990
"649",439,4,103,1990
"650",439,5,396,1990
"651",442,1,494,1990
"652",442,2,388,1990
"653",442,4,31,1990
"654",442,5,79,1990
"655",442,7,28,1990
"656",444,1,6530,1990
"657",444,2,212,1990
"658",444,3,6,1990
"659",444,4,893,1990
"660",444,5,563,1990
"661",444,7,92,1990
"662",445,1,396,1990
"663",445,4,466,1990
"664",446,1,2123,1990
"665",446,4,1330,1990
"666",448,1,3964,1990
"667",448,4,668,1990
"668",448,5,208,1990
"669",449,1,6408,1990
"670",449,3,80,1990
"671",449,4,955,1990
"672",449,5,3168,1990
"673",449,6,17,1990
"674",451,1,1156,1990
"675",451,4,223,1990
"676",452,1,902,1990
"677",452,4,347,1990
"678",453,1,895,1990
"679",453,4,1333,1990
"680",454,1,2524,1990
"681",454,2,3473,1990
"682",454,4,11597,1990
"683",455,1,32082,1990
"684",455,2,385,1990
"685",455,3,36,1990
"686",455,4,37845,1990
"687",455,7,34,1990
"688",456,1,3710,1990
"689",456,2,442,1990
"690",456,4,5926,1990
"691",457,1,3373,1990
"692",457,3,30,1990
"693",457,4,22,1990
"694",457,5,348,1990
"695",458,1,3940,1990
"696",458,4,123,1990
"697",458,5,647,1990
"698",458,7,49,1990
"699",462,1,2578,1990
"700",462,3,14,1990
"701",462,4,10,1990
"702",462,5,1039,1990
"703",470,1,2740,1990
"704",470,3,4,1990
"705",470,5,1678,1990
"706",470,7,608,1990
"707",471,1,150,1990
"708",471,5,25,1990
"709",471,7,49,1990
"710",472,1,154,1990
"711",472,5,21,1990
"712",472,7,83,1990
"713",476,1,5169,1990
"714",476,5,1967,1990
"715",476,7,82,1990
"716",477,1,1141,1990
"717",477,4,234,1990
"718",477,5,249,1990
"719",477,7,371,1990
"720",478,1,2987,1990
"721",478,5,856,1990
"722",479,1,4016,1990
"723",479,3,11,1990
"724",479,4,160,1990
"725",479,5,3314,1990
"726",480,1,20219,1990
"727",480,2,2667,1990
"728",480,3,77,1990
"729",480,4,23,1990
"730",480,5,6889,1990
"731",480,7,1623,1990
"732",481,1,27042,1990
"733",481,4,1512,1990
"734",481,5,571,1990
"735",481,7,457,1990
"736",482,1,1823,1990
"737",482,2,3,1990
"738",482,7,391,1990
"739",483,1,25072,1990
"740",483,2,89,1990
"741",483,3,438,1990
"742",483,4,1317,1990
"743",483,5,17774,1990
"744",483,7,1618,1990
"745",486,1,94329,1990
"746",486,2,865,1990
"747",486,3,510,1990
"748",486,4,7252,1990
"749",486,5,32726,1990
"750",486,7,5386,1990
"751",487,1,137055,1990
"752",487,2,1758,1990
"753",487,3,3,1990
"754",487,4,10468,1990
"755",487,6,2859,1990
"756",487,7,6969,1990
"757",488,1,38247,1990
"758",488,4,300,1990
"759",488,7,8348,1990
"760",489,1,126034,1990
"761",489,4,108,1990
"762",489,5,70521,1990
"763",489,7,934,1990
"764",490,1,1560930,1990
"765",490,2,13571,1990
"766",490,3,178,1990
"767",490,4,4846,1990
"768",490,5,29938,1990
"769",490,6,573,1990
"770",490,7,89760,1990
"771",491,1,19764,1990
"772",491,2,14,1990
"773",491,4,953,1990
"774",492,1,179145,1990
"775",492,2,1613,1990
"776",492,4,453,1990
"777",492,NA,2195,1990
"778",1,1,53909,2014
"779",1,2,2797,2014
"780",1,4,169,2014
"781",1,6,10390,2014
"782",1,NA,8233,2014
"783",4,1,1603,2014
"784",4,2,125,2014
"785",4,3,1,2014
"786",4,4,444,2014
"787",4,6,18,2014
"788",5,1,2802,2014
"789",5,2,182,2014
"790",5,6,364,2014
"791",6,1,2208,2014
"792",8,1,2205,2014
"793",10,1,11171,2014
"794",10,2,72,2014
"795",10,6,2065,2014
"796",12,1,46538,2014
"797",12,2,2545,2014
"798",12,3,2084,2014
"799",12,5,17002,2014
"800",12,6,1273,2014
"801",12,7,2,2014
"802",14,1,1819,2014
"803",15,1,12079,2014
"804",15,2,614,2014
"805",15,5,11,2014
"806",15,6,35,2014
"807",15,7,2,2014
"808",16,1,52914,2014
"809",16,2,1400,2014
"810",16,3,1,2014
"811",16,4,208,2014
"812",16,5,2345,2014
"813",16,6,15,2014
"814",16,7,13,2014
"815",18,1,211840,2014
"816",18,2,9738,2014
"817",18,3,26,2014
"818",18,4,7207,2014
"819",18,5,53660,2014
"820",18,6,10478,2014
"821",18,7,368,2014
"822",22,1,148999,2014
"823",22,2,985,2014
"824",22,4,139,2014
"825",22,7,55,2014
"826",34,1,18605,2014
"827",34,2,867,2014
"828",34,3,2933,2014
"829",34,4,8849,2014
"830",35,1,3631,2014
"831",35,2,1392,2014
"832",35,3,373,2014
"833",35,4,9915,2014
"834",35,6,9,2014
"835",36,1,288,2014
"836",36,2,67,2014
"837",36,4,237,2014
"838",38,1,13913,2014
"839",38,2,84,2014
"840",38,3,743,2014
"841",38,4,370,2014
"842",40,1,569,2014
"843",41,1,2510,2014
"844",46,1,297,2014
"845",46,2,31,2014
"846",46,4,67,2014
"847",47,1,4017,2014
"848",47,2,818,2014
"849",47,3,130,2014
"850",47,4,4559,2014
"851",47,5,20,2014
"852",48,1,9001,2014
"853",48,2,125,2014
"854",48,3,1,2014
"855",48,4,768,2014
"856",48,6,241,2014
"857",49,1,6811,2014
"858",49,2,57,2014
"859",49,3,5,2014
"860",49,4,69,2014
"861",50,1,3836,2014
"862",50,2,266,2014
"863",50,3,92,2014
"864",50,4,2476,2014
"865",52,1,57,2014
"866",52,2,11,2014
"867",52,4,37,2014
"868",53,1,100,2014
"869",54,1,510,2014
"870",54,2,8,2014
"871",54,4,22,2014
"872",55,1,865,2014
"873",55,2,3,2014
"874",55,4,30,2014
"875",56,1,1101,2014
"876",57,1,56883,2014
"877",57,2,624,2014
"878",57,4,354,2014
"879",57,5,613,2014
"880",57,7,188,2014
"881",58,1,672,2014
"882",58,2,25,2014
"883",58,4,68,2014
"884",60,1,49933,2014
"885",60,2,1032,2014
"886",60,4,380,2014
"887",60,5,264,2014
"888",61,1,16155,2014
"889",61,2,1996,2014
"890",61,5,543,2014
"891",63,1,895,2014
"892",65,1,147918,2014
"893",65,2,33808,2014
"894",65,3,4,2014
"895",65,5,90867,2014
"896",65,7,2253,2014
"897",66,1,167,2014
"898",68,1,53423,2014
"899",68,2,904,2014
"900",68,4,255,2014
"901",68,5,1434,2014
"902",68,7,402,2014
"903",69,1,7282,2014
"904",69,2,2062,2014
"905",69,5,1686,2014
"906",70,1,8653,2014
"907",70,2,304,2014
"908",70,3,7,2014
"909",70,4,692,2014
"910",70,5,1325,2014
"911",71,1,13180,2014
"912",71,2,4177,2014
"913",71,3,30,2014
"914",71,4,33,2014
"915",71,5,10089,2014
"916",71,7,3,2014
"917",72,1,493,2014
"918",72,2,6,2014
"919",72,4,1,2014
"920",73,1,506,2014
"921",73,2,10,2014
"922",73,4,62,2014
"923",74,1,183,2014
"924",74,2,7,2014
"925",74,4,28,2014
"926",75,1,4912,2014
"927",75,2,1642,2014
"928",75,3,93,2014
"929",75,4,804,2014
"930",75,5,203,2014
"931",75,6,4,2014
"932",75,7,3,2014
"933",76,1,15720,2014
"934",76,2,606,2014
"935",76,3,2,2014
"936",76,4,939,2014
"937",76,5,8289,2014
"938",77,1,5591,2014
"939",77,2,436,2014
"940",77,4,1656,2014
"941",77,5,264,2014
"942",79,1,866,2014
"943",80,1,464,2014
"944",80,4,74,2014
"945",84,1,1018,2014
"946",85,1,26826,2014
"947",85,2,901,2014
"948",85,4,571,2014
"949",85,5,1139,2014
"950",85,7,67,2014
"951",86,1,45087,2014
"952",86,2,3472,2014
"953",86,4,2296,2014
"954",86,5,2420,2014
"955",86,6,14,2014
"956",86,7,939,2014
"957",87,1,5470,2014
"958",87,2,289,2014
"959",87,5,1712,2014
"960",87,7,1,2014
"961",88,1,54357,2014
"962",88,2,2681,2014
"963",88,3,43,2014
"964",88,4,17395,2014
"965",88,5,475,2014
"966",88,6,8,2014
"967",88,7,303,2014
"968",89,1,1215,2014
"969",89,2,13,2014
"970",89,4,40,2014
"971",93,1,839,2014
"972",93,2,107,2014
"973",93,4,1238,2014
"974",94,1,30245,2014
"975",94,2,3604,2014
"976",94,3,68,2014
"977",94,4,2395,2014
"978",94,5,4208,2014
"979",94,7,86,2014
"980",95,1,298,2014
"981",97,1,601,2014
"982",98,1,2444,2014
"983",98,2,8,2014
"984",98,4,71,2014
"985",101,1,379,2014
"986",103,1,279,2014
"987",104,1,553,2014
"988",107,1,309,2014
"989",111,1,779,2014
"990",112,1,752,2014
"991",117,1,1688,2014
"992",118,1,1673,2014
"993",119,1,810,2014
"994",119,4,255,2014
"995",120,1,15153,2014
"996",120,2,415,2014
"997",120,4,3114,2014
"998",120,5,211,2014
"999",121,1,7129,2014
"1000",121,2,369,2014
"1001",121,4,539,2014
"1002",121,5,26,2014
"1003",123,1,7718,2014
"1004",123,2,24,2014
"1005",123,4,57,2014
"1006",124,1,30946,2014
"1007",124,2,1371,2014
"1008",124,3,90,2014
"1009",124,4,280,2014
"1010",124,5,20627,2014
"1011",125,1,2540,2014
"1012",126,1,1687,2014
"1013",127,1,78,2014
"1014",127,2,45,2014
"1015",127,4,211,2014
"1016",128,1,1477,2014
"1017",128,2,232,2014
"1018",128,4,300,2014
"1019",129,1,56877,2014
"1020",129,2,3254,2014
"1021",129,3,29,2014
"1022",129,4,5839,2014
"1023",129,5,374,2014
"1024",129,6,5144,2014
"1025",130,1,5783,2014
"1026",130,2,1270,2014
"1027",130,4,88,2014
"1028",130,6,3957,2014
"1029",131,1,16402,2014
"1030",131,2,955,2014
"1031",131,4,2302,2014
"1032",131,5,856,2014
"1033",131,7,81,2014
"1034",132,1,1010,2014
"1035",132,2,51,2014
"1036",132,4,125,2014
"1037",133,1,14730,2014
"1038",133,2,2357,2014
"1039",133,4,179,2014
"1040",133,5,4990,2014
"1041",134,1,12670,2014
"1042",134,2,29,2014
"1043",134,4,13,2014
"1044",134,5,1248,2014
"1045",135,1,414,2014
"1046",136,1,4254,2014
"1047",136,2,93,2014
"1048",136,4,39,2014
"1049",136,5,1808,2014
"1050",138,1,7601,2014
"1051",138,2,370,2014
"1052",138,3,2,2014
"1053",138,4,2709,2014
"1054",138,5,1425,2014
"1055",139,1,617,2014
"1056",140,1,975,2014
"1057",140,2,5,2014
"1058",140,4,28,2014
"1059",141,1,5408,2014
"1060",141,2,29,2014
"1061",141,4,93,2014
"1062",141,5,85,2014
"1063",142,1,2176,2014
"1064",142,2,70,2014
"1065",142,4,239,2014
"1066",142,5,30,2014
"1067",144,1,11881,2014
"1068",144,2,695,2014
"1069",144,4,143,2014
"1070",144,5,274,2014
"1071",145,1,404,2014
"1072",145,2,10,2014
"1073",145,4,168,2014
"1074",147,1,1847,2014
"1075",147,2,203,2014
"1076",147,4,35,2014
"1077",148,1,3275,2014
"1078",148,2,271,2014
"1079",149,1,3586,2014
"1080",149,2,1837,2014
"1081",150,1,5861,2014
"1082",150,2,902,2014
"1083",150,4,14,2014
"1084",151,1,2534,2014
"1085",151,2,105,2014
"1086",152,1,921,2014
"1087",155,1,1666,2014
"1088",155,2,351,2014
"1089",156,1,25236,2014
"1090",156,2,3803,2014
"1091",156,4,244,2014
"1092",156,5,5784,2014
"1093",158,1,1354,2014
"1094",159,1,2155,2014
"1095",159,2,9,2014
"1096",159,4,13,2014
"1097",160,1,5163,2014
"1098",160,2,26,2014
"1099",160,4,1,2014
"1100",160,5,11,2014
"1101",161,1,331,2014
"1102",161,2,9,2014
"1103",161,4,35,2014
"1104",162,1,825,2014
"1105",162,2,8,2014
"1106",162,4,8,2014
"1107",163,1,317,2014
"1108",163,2,5,2014
"1109",163,5,3,2014
"1110",164,1,1922,2014
"1111",164,2,5,2014
"1112",164,4,21,2014
"1113",164,5,6,2014
"1114",165,1,498,2014
"1115",165,2,12,2014
"1116",166,1,734,2014
"1117",166,2,22,2014
"1118",166,4,37,2014
"1119",167,1,2531,2014
"1120",167,2,26,2014
"1121",167,4,113,2014
"1122",168,1,1272,2014
"1123",168,2,19,2014
"1124",168,4,3,2014
"1125",168,5,1,2014
"1126",169,1,963,2014
"1127",169,2,51,2014
"1128",169,5,5,2014
"1129",170,1,534,2014
"1130",170,2,86,2014
"1131",170,4,27,2014
"1132",173,1,1941,2014
"1133",173,2,1188,2014
"1134",173,4,301,2014
"1135",174,1,325,2014
"1136",174,2,17,2014
"1137",174,4,19,2014
"1138",175,1,187,2014
"1139",175,2,2,2014
"1140",175,4,6,2014
"1141",176,1,3072,2014
"1142",176,2,634,2014
"1143",176,4,743,2014
"1144",177,1,2531,2014
"1145",177,2,104,2014
"1146",177,4,149,2014
"1147",178,1,4068,2014
"1148",178,2,40,2014
"1149",178,4,306,2014
"1150",178,5,3,2014
"1151",180,1,2713,2014
"1152",180,2,95,2014
"1153",180,3,2,2014
"1154",180,4,37,2014
"1155",180,5,187,2014
"1156",181,1,2981,2014
"1157",181,2,102,2014
"1158",181,4,175,2014
"1159",181,7,130,2014
"1160",183,1,215,2014
"1161",184,1,2328,2014
"1162",184,2,581,2014
"1163",184,4,146,2014
"1164",185,1,3860,2014
"1165",185,2,364,2014
"1166",185,4,75,2014
"1167",185,5,115,2014
"1168",186,1,3152,2014
"1169",187,1,1382,2014
"1170",189,1,383,2014
"1171",189,2,11,2014
"1172",189,4,1,2014
"1173",190,1,629,2014
"1174",190,2,7,2014
"1175",190,4,1,2014
"1176",192,1,431,2014
"1177",194,1,2569,2014
"1178",195,1,1852,2014
"1179",195,2,23,2014
"1180",195,4,212,2014
"1181",196,1,319,2014
"1182",196,2,7,2014
"1183",196,4,43,2014
"1184",197,1,14212,2014
"1185",197,2,82,2014
"1186",197,4,28,2014
"1187",198,1,1642,2014
"1188",198,2,72,2014
"1189",200,1,544,2014
"1190",200,2,10,2014
"1191",200,7,20,2014
"1192",201,1,1729,2014
"1193",201,2,3,2014
"1194",201,4,1,2014
"1195",202,1,563,2014
"1196",202,2,7,2014
"1197",203,1,233,2014
"1198",205,1,2649,2014
"1199",205,2,23,2014
"1200",205,5,199,2014
"1201",206,1,5320,2014
"1202",206,2,97,2014
"1203",206,5,1320,2014
"1204",208,1,2032,2014
"1205",208,5,10,2014
"1206",209,1,1969,2014
"1207",209,5,7,2014
"1208",210,1,1627,2014
"1209",210,2,94,2014
"1210",211,1,1918,2014
"1211",211,2,13,2014
"1212",211,5,47,2014
"1213",212,1,1335,2014
"1214",212,2,5,2014
"1215",212,5,42,2014
"1216",213,1,719,2014
"1217",213,2,2,2014
"1218",213,5,24,2014
"1219",214,1,3348,2014
"1220",216,1,725,2014
"1221",216,2,26,2014
"1222",216,5,7,2014
"1223",217,1,983,2014
"1224",217,2,9,2014
"1225",217,5,26,2014
"1226",219,1,2691,2014
"1227",219,2,186,2014
"1228",219,5,24,2014
"1229",220,1,483,2014
"1230",220,2,18,2014
"1231",221,1,743,2014
"1232",221,2,62,2014
"1233",222,1,581,2014
"1234",222,2,195,2014
"1235",223,1,755,2014
"1236",223,2,93,2014
"1237",224,1,4174,2014
"1238",224,2,3195,2014
"1239",224,3,1,2014
"1240",224,5,341,2014
"1241",227,1,628,2014
"1242",227,2,3,2014
"1243",227,4,15,2014
"1244",228,1,2223,2014
"1245",230,1,2695,2014
"1246",231,1,695,2014
"1247",233,1,10696,2014
"1248",233,2,666,2014
"1249",233,5,414,2014
"1250",234,1,795,2014
"1251",235,1,1465,2014
"1252",238,1,527,2014
"1253",238,5,5,2014
"1254",239,1,1497,2014
"1255",239,2,520,2014
"1256",239,4,26,2014
"1257",239,5,200,2014
"1258",241,1,1520,2014
"1259",241,2,18,2014
"1260",241,4,14,2014
"1261",242,1,634,2014
"1262",243,1,4664,2014
"1263",243,2,1136,2014
"1264",243,4,21,2014
"1265",243,5,716,2014
"1266",244,1,1600,2014
"1267",244,2,1,2014
"1268",244,4,51,2014
"1269",244,5,35,2014
"1270",245,1,323,2014
"1271",247,1,389,2014
"1272",247,2,2,2014
"1273",247,4,31,2014
"1274",248,1,430,2014
"1275",249,1,2555,2014
"1276",249,2,22,2014
"1277",249,4,18,2014
"1278",249,5,310,2014
"1279",253,1,1233,2014
"1280",253,5,56,2014
"1281",259,1,531,2014
"1282",259,2,31,2014
"1283",259,4,172,2014
"1284",259,5,109,2014
"1285",260,1,314,2014
"1286",261,1,8279,2014
"1287",261,2,645,2014
"1288",261,3,4,2014
"1289",261,5,4706,2014
"1290",262,1,305,2014
"1291",262,2,2,2014
"1292",262,4,3,2014
"1293",263,1,4623,2014
"1294",263,2,1022,2014
"1295",263,5,716,2014
"1296",269,1,1051,2014
"1297",269,2,20,2014
"1298",269,5,167,2014
"1299",270,1,2230,2014
"1300",270,2,30,2014
"1301",270,5,255,2014
"1302",274,1,3372,2014
"1303",274,2,2316,2014
"1304",274,4,13,2014
"1305",274,5,506,2014
"1306",276,1,739,2014
"1307",276,4,16,2014
"1308",277,1,4360,2014
"1309",277,2,242,2014
"1310",277,5,260,2014
"1311",277,6,59,2014
"1312",278,1,991,2014
"1313",278,2,18,2014
"1314",278,5,400,2014
"1315",281,1,946,2014
"1316",281,2,26,2014
"1317",281,3,2,2014
"1318",281,5,315,2014
"1319",282,1,2976,2014
"1320",282,2,91,2014
"1321",282,4,14,2014
"1322",284,1,10571,2014
"1323",284,2,4918,2014
"1324",284,4,68,2014
"1325",284,5,3709,2014
"1326",285,1,5474,2014
"1327",285,2,3918,2014
"1328",285,4,64,2014
"1329",285,5,1394,2014
"1330",288,1,392,2014
"1331",288,2,7,2014
"1332",288,4,4,2014
"1333",289,1,237,2014
"1334",289,2,12,2014
"1335",289,4,82,2014
"1336",290,1,322,2014
"1337",290,2,9,2014
"1338",290,4,62,2014
"1339",291,1,19535,2014
"1340",291,2,357,2014
"1341",291,3,4,2014
"1342",291,4,293,2014
"1343",291,5,887,2014
"1344",294,1,766,2014
"1345",296,1,1159,2014
"1346",296,2,548,2014
"1347",296,4,20,2014
"1348",296,5,782,2014
"1349",300,1,5170,2014
"1350",300,2,50,2014
"1351",300,4,66,2014
"1352",300,5,1652,2014
"1353",303,1,866,2014
"1354",306,1,2734,2014
"1355",310,1,1419,2014
"1356",310,2,273,2014
"1357",310,4,7,2014
"1358",311,1,540,2014
"1359",311,2,1,2014
"1360",311,4,73,2014
"1361",312,1,1406,2014
"1362",312,2,50,2014
"1363",312,4,144,2014
"1364",314,1,946,2014
"1365",316,1,333,2014
"1366",323,1,360,2014
"1367",324,1,392,2014
"1368",333,1,3547,2014
"1369",333,2,1,2014
"1370",338,1,477,2014
"1371",340,1,554,2014
"1372",342,1,2311,2014
"1373",345,1,2392,2014
"1374",345,2,93,2014
"1375",345,5,65,2014
"1376",346,1,1436,2014
"1377",346,2,3,2014
"1378",347,1,992,2014
"1379",347,2,182,2014
"1380",348,1,2162,2014
"1381",348,2,5,2014
"1382",348,4,13,2014
"1383",350,1,606,2014
"1384",350,2,1,2014
"1385",351,1,880,2014
"1386",351,5,3,2014
"1387",352,1,1796,2014
"1388",352,2,972,2014
"1389",353,1,822,2014
"1390",353,2,11,2014
"1391",353,4,2,2014
"1392",354,1,3860,2014
"1393",354,2,13,2014
"1394",354,4,121,2014
"1395",355,1,461,2014
"1396",355,2,2,2014
"1397",360,1,770,2014
"1398",360,2,18,2014
"1399",360,5,20,2014
"1400",361,1,291,2014
"1401",361,2,66,2014
"1402",361,4,146,2014
"1403",364,1,178,2014
"1404",364,2,3,2014
"1405",364,4,104,2014
"1406",364,5,1,2014
"1407",365,1,366,2014
"1408",365,2,120,2014
"1409",365,3,1,2014
"1410",365,4,224,2014
"1411",365,5,83,2014
"1412",370,1,2330,2014
"1413",370,2,27,2014
"1414",370,4,47,2014
"1415",370,5,124,2014
"1416",371,1,512,2014
"1417",371,2,37,2014
"1418",371,4,587,2014
"1419",372,1,488,2014
"1420",372,2,42,2014
"1421",372,4,123,2014
"1422",374,1,1761,2014
"1423",374,2,93,2014
"1424",374,3,1,2014
"1425",374,4,427,2014
"1426",374,5,109,2014
"1427",377,1,216,2014
"1428",377,2,15,2014
"1429",377,4,35,2014
"1430",378,1,346,2014
"1431",378,2,41,2014
"1432",378,4,196,2014
"1433",378,5,5,2014
"1434",379,1,151,2014
"1435",379,2,7,2014
"1436",379,4,88,2014
"1437",380,1,543,2014
"1438",380,2,5,2014
"1439",380,4,577,2014
"1440",382,1,330,2014
"1441",382,2,1,2014
"1442",382,4,31,2014
"1443",384,1,865,2014
"1444",384,2,159,2014
"1445",384,3,13,2014
"1446",384,4,451,2014
"1447",384,5,258,2014
"1448",384,7,6,2014
"1449",389,1,2341,2014
"1450",389,2,58,2014
"1451",389,3,4,2014
"1452",389,4,57,2014
"1453",389,5,140,2014
"1454",390,1,559,2014
"1455",390,2,597,2014
"1456",390,4,40,2014
"1457",390,5,1,2014
"1458",392,1,579,2014
"1459",392,2,26,2014
"1460",392,4,319,2014
"1461",393,1,4646,2014
"1462",393,2,1907,2014
"1463",393,3,20,2014
"1464",393,4,1637,2014
"1465",393,5,1838,2014
"1466",393,6,11,2014
"1467",395,1,814,2014
"1468",395,2,769,2014
"1469",395,4,139,2014
"1470",395,5,848,2014
"1471",396,1,292,2014
"1472",396,2,60,2014
"1473",396,4,234,2014
"1474",396,5,105,2014
"1475",399,1,176,2014
"1476",399,2,3,2014
"1477",399,4,489,2014
"1478",399,5,4,2014
"1479",402,1,121,2014
"1480",402,2,260,2014
"1481",402,4,197,2014
"1482",402,5,5,2014
"1483",406,1,556,2014
"1484",406,2,831,2014
"1485",406,4,42,2014
"1486",406,5,266,2014
"1487",408,1,3179,2014
"1488",408,2,1545,2014
"1489",408,4,89,2014
"1490",408,5,2465,2014
"1491",410,1,543,2014
"1492",410,2,137,2014
"1493",410,4,112,2014
"1494",410,5,22,2014
"1495",413,1,744,2014
"1496",413,2,49,2014
"1497",413,4,134,2014
"1498",413,5,159,2014
"1499",415,1,237,2014
"1500",415,2,125,2014
"1501",415,4,155,2014
"1502",415,5,2,2014
"1503",416,1,93,2014
"1504",416,2,302,2014
"1505",416,4,38,2014
"1506",416,5,37,2014
"1507",419,1,185,2014
"1508",419,2,27,2014
"1509",419,4,238,2014
"1510",420,1,2425,2014
"1511",420,2,1372,2014
"1512",420,4,32,2014
"1513",420,5,805,2014
"1514",420,6,9,2014
"1515",422,1,328,2014
"1516",422,2,544,2014
"1517",422,4,27,2014
"1518",422,5,14,2014
"1519",423,1,1827,2014
"1520",423,2,582,2014
"1521",423,4,180,2014
"1522",423,5,196,2014
"1523",426,1,439,2014
"1524",426,2,60,2014
"1525",426,5,123,2014
"1526",427,1,1238,2014
"1527",427,2,303,2014
"1528",427,4,22,2014
"1529",427,5,261,2014
"1530",428,1,543,2014
"1531",428,2,9,2014
"1532",428,4,78,2014
"1533",431,1,28,2014
"1534",432,1,1711,2014
"1535",432,2,798,2014
"1536",432,4,55,2014
"1537",432,5,61,2014
"1538",433,1,662,2014
"1539",433,5,2,2014
"1540",434,1,133,2014
"1541",434,2,3,2014
"1542",434,4,12,2014
"1543",434,5,1,2014
"1544",438,1,1578,2014
"1545",438,2,112,2014
"1546",438,3,2,2014
"1547",438,4,33,2014
"1548",438,5,387,2014
"1549",439,1,303,2014
"1550",439,2,1606,2014
"1551",439,4,78,2014
"1552",439,5,463,2014
"1553",442,1,466,2014
"1554",442,2,393,2014
"1555",442,4,3,2014
"1556",442,5,144,2014
"1557",442,7,14,2014
"1558",444,1,5982,2014
"1559",444,2,585,2014
"1560",444,3,23,2014
"1561",444,4,884,2014
"1562",444,5,763,2014
"1563",444,6,18,2014
"1564",444,7,41,2014
"1565",445,1,395,2014
"1566",445,2,18,2014
"1567",445,4,449,2014
"1568",446,1,2079,2014
"1569",446,2,238,2014
"1570",446,4,1034,2014
"1571",446,5,102,2014
"1572",448,1,3899,2014
"1573",448,2,240,2014
"1574",448,4,470,2014
"1575",448,5,231,2014
"1576",449,1,5710,2014
"1577",449,2,797,2014
"1578",449,3,89,2014
"1579",449,4,696,2014
"1580",449,5,3336,2014
"1581",451,1,1152,2014
"1582",451,2,44,2014
"1583",451,4,183,2014
"1584",452,1,869,2014
"1585",452,2,97,2014
"1586",452,4,283,2014
"1587",453,1,863,2014
"1588",453,2,70,2014
"1589",453,4,1293,2014
"1590",453,5,2,2014
"1591",454,1,2325,2014
"1592",454,2,4269,2014
"1593",454,4,10883,2014
"1594",454,5,117,2014
"1595",455,1,29231,2014
"1596",455,2,6303,2014
"1597",455,3,36,2014
"1598",455,4,34799,2014
"1599",455,5,4,2014
"1600",455,7,9,2014
"1601",456,1,3639,2014
"1602",456,2,1360,2014
"1603",456,4,5079,2014
"1604",457,1,2985,2014
"1605",457,2,102,2014
"1606",457,3,30,2014
"1607",457,4,321,2014
"1608",457,5,335,2014
"1609",458,1,3531,2014
"1610",458,2,192,2014
"1611",458,3,1,2014
"1612",458,4,39,2014
"1613",458,5,978,2014
"1614",458,7,18,2014
"1615",462,1,2195,2014
"1616",462,2,163,2014
"1617",462,3,14,2014
"1618",462,4,23,2014
"1619",462,5,1246,2014
"1620",470,1,2112,2014
"1621",470,2,746,2014
"1622",470,3,26,2014
"1623",470,4,11,2014
"1624",470,5,2135,2014
"1625",471,1,115,2014
"1626",471,2,46,2014
"1627",471,3,7,2014
"1628",471,5,56,2014
"1629",472,1,146,2014
"1630",472,2,56,2014
"1631",472,5,56,2014
"1632",476,1,4306,2014
"1633",476,2,191,2014
"1634",476,3,6,2014
"1635",476,5,2715,2014
"1636",477,1,941,2014
"1637",477,2,266,2014
"1638",477,4,193,2014
"1639",477,5,397,2014
"1640",477,7,198,2014
"1641",478,1,2477,2014
"1642",478,2,155,2014
"1643",478,3,12,2014
"1644",478,4,26,2014
"1645",478,5,1173,2014
"1646",479,1,2949,2014
"1647",479,2,351,2014
"1648",479,3,19,2014
"1649",479,4,164,2014
"1650",479,5,4018,2014
"1651",480,1,18710,2014
"1652",480,2,2565,2014
"1653",480,3,105,2014
"1654",480,4,19,2014
"1655",480,5,8485,2014
"1656",480,7,1614,2014
"1657",481,1,26287,2014
"1658",481,2,786,2014
"1659",481,4,1620,2014
"1660",481,5,768,2014
"1661",481,7,121,2014
"1662",482,1,1823,2014
"1663",482,2,133,2014
"1664",482,7,261,2014
"1665",483,1,20878,2014
"1666",483,2,1510,2014
"1667",483,3,438,2014
"1668",483,4,1033,2014
"1669",483,5,21027,2014
"1670",483,7,1422,2014
"1671",486,1,83615,2014
"1672",486,2,4357,2014
"1673",486,3,528,2014
"1674",486,4,8752,2014
"1675",486,5,41081,2014
"1676",486,7,2735,2014
"1677",487,1,125522,2014
"1678",487,2,6957,2014
"1679",487,3,3,2014
"1680",487,4,14867,2014
"1681",487,5,3068,2014
"1682",487,6,2887,2014
"1683",487,7,5808,2014
"1684",488,1,34706,2014
"1685",488,2,3248,2014
"1686",488,4,147,2014
"1687",488,5,6,2014
"1688",488,7,8788,2014
"1689",489,1,93937,2014
"1690",489,2,2351,2014
"1691",489,3,63,2014
"1692",489,4,6,2014
"1693",489,5,100777,2014
"1694",489,7,463,2014
"1695",490,1,1553479,2014
"1696",490,2,101576,2014
"1697",490,3,184,2014
"1698",490,4,3680,2014
"1699",490,5,35439,2014
"1700",490,6,1153,2014
"1701",490,7,4285,2014
"1702",491,1,19280,2014
"1703",491,2,127,2014
"1704",491,4,756,2014
"1705",491,5,568,2014
"1706",492,1,178043,2014
"1707",492,2,1357,2014
"1708",492,4,318,2014
"1709",492,5,1493,2014
"1710",492,NA,2195,2014
"1711",1,1,56291,2018
"1712",1,2,7865,2018
"1713",1,3,1384,2018
"1714",1,4,251,2018
"1715",1,6,4920,2018
"1716",1,NA,4787,2018
"1717",4,1,1552,2018
"1718",4,2,127,2018
"1719",4,4,444,2018
"1720",4,6,68,2018
"1721",5,1,2598,2018
"1722",5,2,173,2018
"1723",5,3,3,2018
"1724",5,6,574,2018
"1725",6,1,2208,2018
"1726",8,1,2175,2018
"1727",8,4,29,2018
"1728",8,6,1,2018
"1729",10,1,10605,2018
"1730",10,2,51,2018
"1731",10,3,1506,2018
"1732",10,4,225,2018
"1733",10,6,921,2018
"1734",12,1,45297,2018
"1735",12,2,9140,2018
"1736",12,3,371,2018
"1737",12,4,22,2018
"1738",12,5,13001,2018
"1739",12,6,1580,2018
"1740",12,7,33,2018
"1741",14,1,1804,2018
"1742",14,4,15,2018
"1743",15,1,11828,2018
"1744",15,2,604,2018
"1745",15,3,12,2018
"1746",15,4,141,2018
"1747",15,5,5,2018
"1748",15,6,145,2018
"1749",15,7,6,2018
"1750",16,1,52286,2018
"1751",16,2,2546,2018
"1752",16,4,592,2018
"1753",16,5,1444,2018
"1754",16,6,19,2018
"1755",16,7,9,2018
"1756",18,1,203483,2018
"1757",18,2,17124,2018
"1758",18,3,10626,2018
"1759",18,4,10319,2018
"1760",18,5,46828,2018
"1761",18,6,4775,2018
"1762",18,7,162,2018
"1763",22,1,148833,2018
"1764",22,2,989,2018
"1765",22,4,306,2018
"1766",22,7,50,2018
"1767",34,1,16902,2018
"1768",34,2,3351,2018
"1769",34,3,14,2018
"1770",34,4,10987,2018
"1771",35,1,2608,2018
"1772",35,2,1213,2018
"1773",35,3,65,2018
"1774",35,4,11431,2018
"1775",35,6,3,2018
"1776",36,1,287,2018
"1777",36,2,103,2018
"1778",36,4,202,2018
"1779",38,1,13753,2018
"1780",38,2,761,2018
"1781",38,4,596,2018
"1782",40,1,568,2018
"1783",40,4,1,2018
"1784",41,1,2510,2018
"1785",46,1,272,2018
"1786",46,2,47,2018
"1787",46,4,76,2018
"1788",47,1,3693,2018
"1789",47,2,740,2018
"1790",47,3,129,2018
"1791",47,4,4975,2018
"1792",47,5,7,2018
"1793",48,1,8580,2018
"1794",48,2,256,2018
"1795",48,3,5,2018
"1796",48,4,1294,2018
"1797",48,6,1,2018
"1798",49,1,6653,2018
"1799",49,2,47,2018
"1800",49,3,2,2018
"1801",49,4,240,2018
"1802",50,1,3631,2018
"1803",50,2,305,2018
"1804",50,3,6,2018
"1805",50,4,2728,2018
"1806",52,1,57,2018
"1807",52,2,15,2018
"1808",52,4,33,2018
"1809",53,1,82,2018
"1810",53,3,15,2018
"1811",53,4,3,2018
"1812",54,1,501,2018
"1813",54,2,17,2018
"1814",54,4,22,2018
"1815",55,1,859,2018
"1816",55,2,13,2018
"1817",55,3,6,2018
"1818",55,4,20,2018
"1819",56,1,1098,2018
"1820",56,4,3,2018
"1821",57,1,56657,2018
"1822",57,2,798,2018
"1823",57,4,514,2018
"1824",57,5,437,2018
"1825",57,7,256,2018
"1826",58,1,662,2018
"1827",58,2,29,2018
"1828",58,4,74,2018
"1829",60,1,49655,2018
"1830",60,2,1086,2018
"1831",60,4,547,2018
"1832",60,5,321,2018
"1833",61,1,15500,2018
"1834",61,2,1188,2018
"1835",61,4,96,2018
"1836",61,5,1910,2018
"1837",63,1,895,2018
"1838",65,1,141640,2018
"1839",65,2,25991,2018
"1840",65,3,174,2018
"1841",65,4,444,2018
"1842",65,5,106195,2018
"1843",65,7,406,2018
"1844",66,1,164,2018
"1845",66,3,3,2018
"1846",68,1,51892,2018
"1847",68,2,1440,2018
"1848",68,3,55,2018
"1849",68,4,1224,2018
"1850",68,5,1544,2018
"1851",68,7,263,2018
"1852",69,1,7109,2018
"1853",69,2,2409,2018
"1854",69,4,63,2018
"1855",69,5,1443,2018
"1856",69,7,6,2018
"1857",70,1,8234,2018
"1858",70,2,697,2018
"1859",70,3,8,2018
"1860",70,4,916,2018
"1861",70,5,1126,2018
"1862",71,1,12456,2018
"1863",71,2,6279,2018
"1864",71,3,1,2018
"1865",71,4,61,2018
"1866",71,5,8711,2018
"1867",71,7,4,2018
"1868",72,1,493,2018
"1869",72,2,7,2018
"1870",73,1,485,2018
"1871",73,2,32,2018
"1872",73,4,61,2018
"1873",74,1,173,2018
"1874",74,2,15,2018
"1875",74,3,6,2018
"1876",74,4,24,2018
"1877",75,1,4450,2018
"1878",75,2,1545,2018
"1879",75,3,70,2018
"1880",75,4,1131,2018
"1881",75,5,465,2018
"1882",76,1,14960,2018
"1883",76,2,1519,2018
"1884",76,4,1332,2018
"1885",76,5,7745,2018
"1886",77,1,5303,2018
"1887",77,2,470,2018
"1888",77,4,1954,2018
"1889",77,5,220,2018
"1890",79,1,866,2018
"1891",80,1,461,2018
"1892",80,2,52,2018
"1893",80,4,25,2018
"1894",84,1,1002,2018
"1895",84,4,16,2018
"1896",85,1,26460,2018
"1897",85,2,1935,2018
"1898",85,3,1,2018
"1899",85,4,842,2018
"1900",85,5,56,2018
"1901",85,7,210,2018
"1902",86,1,43235,2018
"1903",86,2,2941,2018
"1904",86,3,30,2018
"1905",86,4,3150,2018
"1906",86,5,3180,2018
"1907",86,6,8,2018
"1908",86,7,1684,2018
"1909",87,1,5342,2018
"1910",87,2,607,2018
"1911",87,4,34,2018
"1912",87,5,1468,2018
"1913",87,7,21,2018
"1914",88,1,52818,2018
"1915",88,2,2441,2018
"1916",88,3,30,2018
"1917",88,4,18627,2018
"1918",88,5,991,2018
"1919",88,6,5,2018
"1920",88,7,350,2018
"1921",89,1,1213,2018
"1922",89,2,35,2018
"1923",89,4,20,2018
"1924",93,1,734,2018
"1925",93,2,120,2018
"1926",93,4,1090,2018
"1927",93,5,240,2018
"1928",94,1,28403,2018
"1929",94,2,3701,2018
"1930",94,3,3,2018
"1931",94,4,3102,2018
"1932",94,5,5267,2018
"1933",94,7,130,2018
"1934",95,1,298,2018
"1935",97,1,600,2018
"1936",97,3,1,2018
"1937",98,1,2431,2018
"1938",98,2,28,2018
"1939",98,4,64,2018
"1940",101,1,377,2018
"1941",101,3,2,2018
"1942",103,1,279,2018
"1943",104,1,553,2018
"1944",107,1,309,2018
"1945",111,1,685,2018
"1946",111,3,94,2018
"1947",112,1,714,2018
"1948",112,3,36,2018
"1949",112,4,2,2018
"1950",117,1,1688,2018
"1951",118,1,1673,2018
"1952",119,1,787,2018
"1953",119,2,41,2018
"1954",119,4,237,2018
"1955",120,1,14996,2018
"1956",120,2,1582,2018
"1957",120,3,39,2018
"1958",120,4,2084,2018
"1959",120,5,192,2018
"1960",121,1,6977,2018
"1961",121,2,345,2018
"1962",121,3,1,2018
"1963",121,4,717,2018
"1964",121,5,20,2018
"1965",121,6,3,2018
"1966",123,1,7713,2018
"1967",123,2,34,2018
"1968",123,4,52,2018
"1969",124,1,30534,2018
"1970",124,2,2751,2018
"1971",124,3,40,2018
"1972",124,4,416,2018
"1973",124,5,19573,2018
"1974",125,1,2533,2018
"1975",125,4,7,2018
"1976",126,1,1686,2018
"1977",126,4,1,2018
"1978",127,1,68,2018
"1979",127,2,100,2018
"1980",127,4,166,2018
"1981",128,1,1184,2018
"1982",128,2,238,2018
"1983",128,4,587,2018
"1984",129,1,53479,2018
"1985",129,2,3667,2018
"1986",129,3,6725,2018
"1987",129,4,6941,2018
"1988",129,5,345,2018
"1989",129,6,360,2018
"1990",130,1,4047,2018
"1991",130,2,1358,2018
"1992",130,3,3605,2018
"1993",130,4,1737,2018
"1994",130,6,351,2018
"1995",131,1,15965,2018
"1996",131,2,1505,2018
"1997",131,3,14,2018
"1998",131,4,2182,2018
"1999",131,5,784,2018
"2000",131,7,146,2018
"2001",132,1,1005,2018
"2002",132,2,85,2018
"2003",132,4,96,2018
"2004",133,1,14482,2018
"2005",133,2,3029,2018
"2006",133,3,6,2018
"2007",133,4,183,2018
"2008",133,5,4556,2018
"2009",134,1,12635,2018
"2010",134,2,218,2018
"2011",134,4,26,2018
"2012",134,5,1081,2018
"2013",135,1,414,2018
"2014",136,1,4203,2018
"2015",136,2,227,2018
"2016",136,4,64,2018
"2017",136,5,1700,2018
"2018",138,1,7256,2018
"2019",138,2,1294,2018
"2020",138,3,59,2018
"2021",138,4,2309,2018
"2022",138,5,1189,2018
"2023",139,1,616,2018
"2024",139,3,1,2018
"2025",140,1,972,2018
"2026",140,2,24,2018
"2027",140,4,12,2018
"2028",141,1,5385,2018
"2029",141,2,107,2018
"2030",141,4,54,2018
"2031",141,5,69,2018
"2032",142,1,2149,2018
"2033",142,2,123,2018
"2034",142,4,224,2018
"2035",142,5,19,2018
"2036",144,1,11791,2018
"2037",144,2,750,2018
"2038",144,4,186,2018
"2039",144,5,266,2018
"2040",145,1,400,2018
"2041",145,2,89,2018
"2042",145,4,93,2018
"2043",147,1,1831,2018
"2044",147,2,214,2018
"2045",147,4,40,2018
"2046",148,1,3269,2018
"2047",148,2,274,2018
"2048",148,4,3,2018
"2049",149,1,3556,2018
"2050",149,2,1858,2018
"2051",149,4,9,2018
"2052",150,1,5794,2018
"2053",150,2,943,2018
"2054",150,4,40,2018
"2055",151,1,2513,2018
"2056",151,2,126,2018
"2057",152,1,921,2018
"2058",155,1,1653,2018
"2059",155,2,364,2018
"2060",156,1,24785,2018
"2061",156,2,4554,2018
"2062",156,3,31,2018
"2063",156,4,263,2018
"2064",156,5,5434,2018
"2065",158,1,1354,2018
"2066",159,1,2135,2018
"2067",159,2,17,2018
"2068",159,3,19,2018
"2069",159,4,6,2018
"2070",160,1,5159,2018
"2071",160,2,38,2018
"2072",160,3,2,2018
"2073",160,4,2,2018
"2074",161,1,330,2018
"2075",161,2,42,2018
"2076",161,4,3,2018
"2077",162,1,822,2018
"2078",162,2,8,2018
"2079",162,4,11,2018
"2080",163,1,317,2018
"2081",163,2,6,2018
"2082",163,4,2,2018
"2083",164,1,1910,2018
"2084",164,2,12,2018
"2085",164,4,30,2018
"2086",164,7,2,2018
"2087",165,1,492,2018
"2088",165,2,12,2018
"2089",165,4,6,2018
"2090",166,1,729,2018
"2091",166,2,37,2018
"2092",166,3,3,2018
"2093",166,4,24,2018
"2094",167,1,2523,2018
"2095",167,2,29,2018
"2096",167,3,1,2018
"2097",167,4,117,2018
"2098",168,1,1266,2018
"2099",168,2,7,2018
"2100",168,4,20,2018
"2101",168,5,2,2018
"2102",169,1,961,2018
"2103",169,2,55,2018
"2104",169,5,3,2018
"2105",170,1,531,2018
"2106",170,2,113,2018
"2107",170,4,3,2018
"2108",173,1,1796,2018
"2109",173,2,1105,2018
"2110",173,4,529,2018
"2111",174,1,323,2018
"2112",174,2,33,2018
"2113",174,3,2,2018
"2114",174,4,3,2018
"2115",175,1,181,2018
"2116",175,2,8,2018
"2117",175,3,2,2018
"2118",175,4,4,2018
"2119",176,1,2976,2018
"2120",176,2,891,2018
"2121",176,4,582,2018
"2122",177,1,2441,2018
"2123",177,2,126,2018
"2124",177,4,217,2018
"2125",178,1,3987,2018
"2126",178,2,76,2018
"2127",178,4,352,2018
"2128",178,5,2,2018
"2129",180,1,2699,2018
"2130",180,2,224,2018
"2131",180,3,4,2018
"2132",180,4,107,2018
"2133",181,1,2923,2018
"2134",181,2,193,2018
"2135",181,3,1,2018
"2136",181,4,163,2018
"2137",181,7,108,2018
"2138",183,1,215,2018
"2139",184,1,2287,2018
"2140",184,2,678,2018
"2141",184,3,1,2018
"2142",184,4,89,2018
"2143",185,1,3831,2018
"2144",185,2,399,2018
"2145",185,4,96,2018
"2146",185,5,88,2018
"2147",186,1,3152,2018
"2148",187,1,1380,2018
"2149",187,4,2,2018
"2150",189,1,382,2018
"2151",189,2,5,2018
"2152",189,4,8,2018
"2153",190,1,627,2018
"2154",190,2,8,2018
"2155",190,3,1,2018
"2156",190,4,1,2018
"2157",192,1,425,2018
"2158",192,3,1,2018
"2159",192,4,5,2018
"2160",194,1,2569,2018
"2161",195,1,1846,2018
"2162",195,2,85,2018
"2163",195,4,156,2018
"2164",196,1,315,2018
"2165",196,2,9,2018
"2166",196,3,1,2018
"2167",196,4,44,2018
"2168",197,1,14162,2018
"2169",197,2,81,2018
"2170",197,4,79,2018
"2171",198,1,1633,2018
"2172",198,2,81,2018
"2173",200,1,544,2018
"2174",200,2,7,2018
"2175",200,7,23,2018
"2176",201,1,1727,2018
"2177",201,2,4,2018
"2178",201,3,2,2018
"2179",202,1,559,2018
"2180",202,2,9,2018
"2181",202,3,2,2018
"2182",203,1,233,2018
"2183",205,1,2627,2018
"2184",205,2,69,2018
"2185",205,3,10,2018
"2186",205,5,165,2018
"2187",206,1,5272,2018
"2188",206,2,257,2018
"2189",206,4,6,2018
"2190",206,5,1202,2018
"2191",208,1,2031,2018
"2192",208,2,3,2018
"2193",208,5,8,2018
"2194",209,1,1969,2018
"2195",209,2,7,2018
"2196",210,1,1625,2018
"2197",210,2,96,2018
"2198",211,1,1915,2018
"2199",211,2,25,2018
"2200",211,5,38,2018
"2201",212,1,1331,2018
"2202",212,2,23,2018
"2203",212,5,28,2018
"2204",213,1,717,2018
"2205",213,2,12,2018
"2206",213,5,16,2018
"2207",214,1,3344,2018
"2208",214,4,4,2018
"2209",216,1,724,2018
"2210",216,2,21,2018
"2211",216,5,13,2018
"2212",217,1,982,2018
"2213",217,2,31,2018
"2214",217,5,5,2018
"2215",219,1,2685,2018
"2216",219,2,211,2018
"2217",219,5,5,2018
"2218",220,1,474,2018
"2219",220,2,20,2018
"2220",220,3,7,2018
"2221",221,1,741,2018
"2222",221,2,64,2018
"2223",222,1,577,2018
"2224",222,2,199,2018
"2225",223,1,755,2018
"2226",223,2,93,2018
"2227",224,1,4109,2018
"2228",224,2,3294,2018
"2229",224,4,3,2018
"2230",224,5,305,2018
"2231",227,1,628,2018
"2232",227,2,16,2018
"2233",227,4,2,2018
"2234",228,1,2223,2018
"2235",230,1,2695,2018
"2236",231,1,695,2018
"2237",233,1,10615,2018
"2238",233,2,736,2018
"2239",233,3,4,2018
"2240",233,5,421,2018
"2241",234,1,795,2018
"2242",235,1,1465,2018
"2243",238,1,527,2018
"2244",238,2,5,2018
"2245",239,1,1484,2018
"2246",239,2,602,2018
"2247",239,3,2,2018
"2248",239,4,28,2018
"2249",239,5,127,2018
"2250",241,1,1517,2018
"2251",241,2,13,2018
"2252",241,4,22,2018
"2253",242,1,634,2018
"2254",243,1,4480,2018
"2255",243,2,1410,2018
"2256",243,3,104,2018
"2257",243,4,15,2018
"2258",243,5,528,2018
"2259",244,1,1594,2018
"2260",244,2,39,2018
"2261",244,3,1,2018
"2262",244,4,53,2018
"2263",245,1,323,2018
"2264",247,1,379,2018
"2265",247,2,3,2018
"2266",247,3,1,2018
"2267",247,4,39,2018
"2268",248,1,430,2018
"2269",249,1,2517,2018
"2270",249,2,81,2018
"2271",249,3,25,2018
"2272",249,4,5,2018
"2273",249,5,277,2018
"2274",253,1,1233,2018
"2275",253,2,56,2018
"2276",259,1,495,2018
"2277",259,2,138,2018
"2278",259,4,210,2018
"2279",260,1,314,2018
"2280",261,1,8082,2018
"2281",261,2,1538,2018
"2282",261,5,4014,2018
"2283",262,1,304,2018
"2284",262,2,3,2018
"2285",262,3,1,2018
"2286",262,4,2,2018
"2287",263,1,4545,2018
"2288",263,2,1150,2018
"2289",263,3,6,2018
"2290",263,4,2,2018
"2291",263,5,658,2018
"2292",269,1,1046,2018
"2293",269,2,54,2018
"2294",269,5,138,2018
"2295",270,1,2222,2018
"2296",270,2,79,2018
"2297",270,5,214,2018
"2298",274,1,3312,2018
"2299",274,2,2417,2018
"2300",274,4,31,2018
"2301",274,5,447,2018
"2302",276,1,722,2018
"2303",276,2,1,2018
"2304",276,4,32,2018
"2305",277,1,4318,2018
"2306",277,2,361,2018
"2307",277,5,242,2018
"2308",278,1,976,2018
"2309",278,2,51,2018
"2310",278,5,382,2018
"2311",281,1,931,2018
"2312",281,2,81,2018
"2313",281,5,277,2018
"2314",282,1,2970,2018
"2315",282,2,103,2018
"2316",282,4,8,2018
"2317",284,1,10311,2018
"2318",284,2,5436,2018
"2319",284,3,6,2018
"2320",284,4,25,2018
"2321",284,5,3484,2018
"2322",284,6,4,2018
"2323",285,1,5355,2018
"2324",285,2,4184,2018
"2325",285,4,75,2018
"2326",285,5,1236,2018
"2327",288,1,388,2018
"2328",288,2,3,2018
"2329",288,4,12,2018
"2330",289,1,229,2018
"2331",289,2,54,2018
"2332",289,4,48,2018
"2333",290,1,320,2018
"2334",290,2,16,2018
"2335",290,3,2,2018
"2336",290,4,55,2018
"2337",291,1,19400,2018
"2338",291,2,700,2018
"2339",291,4,197,2018
"2340",291,5,779,2018
"2341",294,1,765,2018
"2342",294,3,1,2018
"2343",296,1,1123,2018
"2344",296,2,631,2018
"2345",296,4,20,2018
"2346",296,5,735,2018
"2347",300,1,5121,2018
"2348",300,2,153,2018
"2349",300,4,64,2018
"2350",300,5,1600,2018
"2351",303,1,866,2018
"2352",306,1,2730,2018
"2353",306,3,2,2018
"2354",306,4,2,2018
"2355",310,1,1401,2018
"2356",310,2,287,2018
"2357",310,4,11,2018
"2358",311,1,540,2018
"2359",311,2,6,2018
"2360",311,4,68,2018
"2361",312,1,1394,2018
"2362",312,2,78,2018
"2363",312,4,128,2018
"2364",314,1,946,2018
"2365",316,1,333,2018
"2366",323,1,357,2018
"2367",323,4,3,2018
"2368",324,1,392,2018
"2369",333,1,3540,2018
"2370",333,4,8,2018
"2371",338,1,477,2018
"2372",340,1,554,2018
"2373",342,1,2311,2018
"2374",345,1,2380,2018
"2375",345,2,118,2018
"2376",345,5,52,2018
"2377",346,1,1434,2018
"2378",346,2,5,2018
"2379",347,1,981,2018
"2380",347,2,193,2018
"2381",348,1,2162,2018
"2382",348,2,7,2018
"2383",348,4,11,2018
"2384",350,1,602,2018
"2385",350,2,5,2018
"2386",351,1,880,2018
"2387",351,2,1,2018
"2388",351,5,2,2018
"2389",352,1,1742,2018
"2390",352,2,1004,2018
"2391",352,3,22,2018
"2392",353,1,821,2018
"2393",353,2,7,2018
"2394",353,4,7,2018
"2395",354,1,3700,2018
"2396",354,2,37,2018
"2397",354,4,257,2018
"2398",355,1,452,2018
"2399",355,2,2,2018
"2400",355,3,9,2018
"2401",360,1,707,2018
"2402",360,2,31,2018
"2403",360,4,66,2018
"2404",360,5,4,2018
"2405",361,1,282,2018
"2406",361,2,110,2018
"2407",361,3,2,2018
"2408",361,4,109,2018
"2409",364,1,170,2018
"2410",364,2,10,2018
"2411",364,3,14,2018
"2412",364,4,92,2018
"2413",365,1,327,2018
"2414",365,2,226,2018
"2415",365,4,190,2018
"2416",365,5,51,2018
"2417",370,1,2271,2018
"2418",370,2,111,2018
"2419",370,3,2,2018
"2420",370,4,47,2018
"2421",370,5,87,2018
"2422",370,7,10,2018
"2423",371,1,511,2018
"2424",371,2,295,2018
"2425",371,4,330,2018
"2426",372,1,463,2018
"2427",372,2,38,2018
"2428",372,4,152,2018
"2429",374,1,1680,2018
"2430",374,2,217,2018
"2431",374,4,437,2018
"2432",374,5,57,2018
"2433",377,1,207,2018
"2434",377,2,21,2018
"2435",377,3,2,2018
"2436",377,4,36,2018
"2437",378,1,308,2018
"2438",378,2,24,2018
"2439",378,3,1,2018
"2440",378,4,255,2018
"2441",379,1,138,2018
"2442",379,4,108,2018
"2443",380,1,533,2018
"2444",380,2,225,2018
"2445",380,4,367,2018
"2446",382,1,325,2018
"2447",382,2,19,2018
"2448",382,4,18,2018
"2449",384,1,815,2018
"2450",384,2,367,2018
"2451",384,3,1,2018
"2452",384,4,474,2018
"2453",384,5,95,2018
"2454",389,1,2183,2018
"2455",389,2,170,2018
"2456",389,4,247,2018
"2457",390,1,531,2018
"2458",390,2,619,2018
"2459",390,4,47,2018
"2460",392,1,450,2018
"2461",392,2,42,2018
"2462",392,4,432,2018
"2463",393,1,4328,2018
"2464",393,2,2197,2018
"2465",393,3,1,2018
"2466",393,4,1961,2018
"2467",393,5,1563,2018
"2468",393,6,9,2018
"2469",395,1,746,2018
"2470",395,2,883,2018
"2471",395,4,211,2018
"2472",395,5,730,2018
"2473",396,1,240,2018
"2474",396,2,87,2018
"2475",396,3,3,2018
"2476",396,4,295,2018
"2477",396,5,66,2018
"2478",399,1,172,2018
"2479",399,2,180,2018
"2480",399,4,320,2018
"2481",402,1,114,2018
"2482",402,2,266,2018
"2483",402,4,202,2018
"2484",402,5,1,2018
"2485",406,1,542,2018
"2486",406,2,948,2018
"2487",406,4,32,2018
"2488",406,5,173,2018
"2489",408,1,2970,2018
"2490",408,2,1913,2018
"2491",408,4,240,2018
"2492",408,5,2155,2018
"2493",410,1,493,2018
"2494",410,2,119,2018
"2495",410,4,179,2018
"2496",410,5,9,2018
"2497",410,7,14,2018
"2498",413,1,630,2018
"2499",413,2,98,2018
"2500",413,3,40,2018
"2501",413,4,194,2018
"2502",413,5,124,2018
"2503",415,1,219,2018
"2504",415,2,145,2018
"2505",415,3,2,2018
"2506",415,4,153,2018
"2507",416,1,93,2018
"2508",416,2,312,2018
"2509",416,4,63,2018
"2510",416,5,2,2018
"2511",419,1,157,2018
"2512",419,2,10,2018
"2513",419,4,283,2018
"2514",420,1,2327,2018
"2515",420,2,1516,2018
"2516",420,4,221,2018
"2517",420,5,576,2018
"2518",420,6,3,2018
"2519",422,1,328,2018
"2520",422,2,535,2018
"2521",422,4,48,2018
"2522",422,5,2,2018
"2523",423,1,1726,2018
"2524",423,2,737,2018
"2525",423,4,280,2018
"2526",423,5,42,2018
"2527",426,1,436,2018
"2528",426,2,87,2018
"2529",426,4,3,2018
"2530",426,5,96,2018
"2531",427,1,1198,2018
"2532",427,2,497,2018
"2533",427,4,62,2018
"2534",427,5,67,2018
"2535",428,1,522,2018
"2536",428,2,21,2018
"2537",428,4,87,2018
"2538",431,1,28,2018
"2539",432,1,1635,2018
"2540",432,2,867,2018
"2541",432,4,111,2018
"2542",432,5,12,2018
"2543",433,1,652,2018
"2544",433,2,2,2018
"2545",433,4,10,2018
"2546",434,1,123,2018
"2547",434,2,13,2018
"2548",434,4,13,2018
"2549",438,1,1499,2018
"2550",438,2,133,2018
"2551",438,4,103,2018
"2552",438,5,377,2018
"2553",439,1,287,2018
"2554",439,2,1645,2018
"2555",439,4,103,2018
"2556",439,5,415,2018
"2557",442,1,463,2018
"2558",442,2,441,2018
"2559",442,4,6,2018
"2560",442,5,97,2018
"2561",442,7,13,2018
"2562",444,1,5712,2018
"2563",444,2,850,2018
"2564",444,3,2,2018
"2565",444,4,1075,2018
"2566",444,5,611,2018
"2567",444,6,3,2018
"2568",444,7,43,2018
"2569",445,1,393,2018
"2570",445,2,111,2018
"2571",445,4,358,2018
"2572",446,1,1941,2018
"2573",446,2,532,2018
"2574",446,4,971,2018
"2575",446,5,9,2018
"2576",448,1,3730,2018
"2577",448,2,376,2018
"2578",448,4,494,2018
"2579",448,5,240,2018
"2580",449,1,5381,2018
"2581",449,2,1519,2018
"2582",449,3,32,2018
"2583",449,4,409,2018
"2584",449,5,3287,2018
"2585",451,1,1126,2018
"2586",451,2,150,2018
"2587",451,4,103,2018
"2588",452,1,808,2018
"2589",452,2,96,2018
"2590",452,3,6,2018
"2591",452,4,339,2018
"2592",453,1,845,2018
"2593",453,2,231,2018
"2594",453,3,1,2018
"2595",453,4,1151,2018
"2596",454,1,1848,2018
"2597",454,2,3543,2018
"2598",454,4,12203,2018
"2599",455,1,23106,2018
"2600",455,2,4267,2018
"2601",455,3,95,2018
"2602",455,4,42914,2018
"2603",456,1,3304,2018
"2604",456,2,2777,2018
"2605",456,3,141,2018
"2606",456,4,3856,2018
"2607",457,1,2916,2018
"2608",457,2,385,2018
"2609",457,4,101,2018
"2610",457,5,371,2018
"2611",458,1,3410,2018
"2612",458,2,468,2018
"2613",458,4,171,2018
"2614",458,5,697,2018
"2615",458,7,13,2018
"2616",462,1,2137,2018
"2617",462,2,409,2018
"2618",462,3,29,2018
"2619",462,4,58,2018
"2620",462,5,1008,2018
"2621",470,1,1985,2018
"2622",470,2,1062,2018
"2623",470,3,36,2018
"2624",470,4,45,2018
"2625",470,5,1902,2018
"2626",471,1,112,2018
"2627",471,2,79,2018
"2628",471,5,33,2018
"2629",472,1,145,2018
"2630",472,2,70,2018
"2631",472,3,3,2018
"2632",472,4,1,2018
"2633",472,5,39,2018
"2634",476,1,4250,2018
"2635",476,2,789,2018
"2636",476,4,4,2018
"2637",476,5,2175,2018
"2638",477,1,785,2018
"2639",477,2,401,2018
"2640",477,4,197,2018
"2641",477,5,320,2018
"2642",477,7,292,2018
"2643",478,1,2443,2018
"2644",478,2,482,2018
"2645",478,3,3,2018
"2646",478,4,7,2018
"2647",478,5,908,2018
"2648",479,1,2790,2018
"2649",479,2,896,2018
"2650",479,4,131,2018
"2651",479,5,3631,2018
"2652",479,7,53,2018
"2653",480,1,18337,2018
"2654",480,2,3863,2018
"2655",480,4,110,2018
"2656",480,5,7447,2018
"2657",480,7,1741,2018
"2658",481,1,25851,2018
"2659",481,2,1185,2018
"2660",481,3,44,2018
"2661",481,4,1433,2018
"2662",481,5,893,2018
"2663",481,6,11,2018
"2664",481,7,165,2018
"2665",482,1,1686,2018
"2666",482,2,378,2018
"2667",482,3,135,2018
"2668",482,7,18,2018
"2669",483,1,19783,2018
"2670",483,2,4374,2018
"2671",483,3,494,2018
"2672",483,4,1272,2018
"2673",483,5,19006,2018
"2674",483,7,1379,2018
"2675",486,1,81258,2018
"2676",486,2,9334,2018
"2677",486,3,49,2018
"2678",486,4,10533,2018
"2679",486,5,37060,2018
"2680",486,7,2834,2018
"2681",487,1,117970,2018
"2682",487,2,10792,2018
"2683",487,3,312,2018
"2684",487,4,20414,2018
"2685",487,5,2710,2018
"2686",487,6,3695,2018
"2687",487,7,3219,2018
"2688",488,1,32942,2018
"2689",488,2,4529,2018
"2690",488,3,16,2018
"2691",488,4,81,2018
"2692",488,6,1,2018
"2693",488,7,9326,2018
"2694",489,1,91472,2018
"2695",489,2,11256,2018
"2696",489,3,1846,2018
"2697",489,4,40,2018
"2698",489,5,92385,2018
"2699",489,7,598,2018
"2700",490,1,1549614,2018
"2701",490,2,113266,2018
"2702",490,3,1705,2018
"2703",490,4,3992,2018
"2704",490,5,24026,2018
"2705",490,6,1908,2018
"2706",490,7,5285,2018
"2707",491,1,19150,2018
"2708",491,2,522,2018
"2709",491,4,549,2018
"2710",491,5,510,2018
"2711",492,1,178233,2018
"2712",492,2,3045,2018
"2713",492,3,8,2018
"2714",492,4,103,2018
"2715",492,5,119,2018
"2716",492,NA,1898,2018
"2717",1,1,55845,2022
"2718",1,2,8366,2022
"2719",1,3,175,2022
"2720",1,4,246,2022
"2721",1,6,6079,2022
"2722",1,NA,4787,2022
"2723",4,1,1526,2022
"2724",4,2,139,2022
"2725",4,4,436,2022
"2726",4,6,90,2022
"2727",5,1,2454,2022
"2728",5,2,187,2022
"2729",5,6,707,2022
"2730",6,1,2208,2022
"2731",8,1,2173,2022
"2732",8,2,3,2022
"2733",8,4,28,2022
"2734",8,6,1,2022
"2735",10,1,10490,2022
"2736",10,2,340,2022
"2737",10,3,1307,2022
"2738",10,4,254,2022
"2739",10,6,917,2022
"2740",12,1,45120,2022
"2741",12,2,9012,2022
"2742",12,3,86,2022
"2743",12,4,20,2022
"2744",12,5,13365,2022
"2745",12,6,1816,2022
"2746",12,7,25,2022
"2747",14,1,1803,2022
"2748",14,4,16,2022
"2749",15,1,11813,2022
"2750",15,2,609,2022
"2751",15,3,6,2022
"2752",15,4,146,2022
"2753",15,5,5,2022
"2754",15,6,153,2022
"2755",15,7,9,2022
"2756",16,1,52148,2022
"2757",16,2,2537,2022
"2758",16,4,701,2022
"2759",16,5,1465,2022
"2760",16,6,37,2022
"2761",16,7,8,2022
"2762",18,1,201968,2022
"2763",18,2,17931,2022
"2764",18,3,9473,2022
"2765",18,4,10545,2022
"2766",18,5,47293,2022
"2767",18,6,5927,2022
"2768",18,7,180,2022
"2769",22,1,148807,2022
"2770",22,2,1000,2022
"2771",22,4,315,2022
"2772",22,7,56,2022
"2773",34,1,16610,2022
"2774",34,2,3382,2022
"2775",34,3,59,2022
"2776",34,4,11203,2022
"2777",35,1,2484,2022
"2778",35,2,1273,2022
"2779",35,3,88,2022
"2780",35,4,11475,2022
"2781",36,1,287,2022
"2782",36,2,103,2022
"2783",36,4,202,2022
"2784",38,1,13740,2022
"2785",38,2,755,2022
"2786",38,3,3,2022
"2787",38,4,612,2022
"2788",40,1,564,2022
"2789",40,3,4,2022
"2790",40,4,1,2022
"2791",41,1,2510,2022
"2792",46,1,271,2022
"2793",46,2,51,2022
"2794",46,4,73,2022
"2795",47,1,3664,2022
"2796",47,2,797,2022
"2797",47,3,133,2022
"2798",47,4,4943,2022
"2799",47,5,7,2022
"2800",48,1,8409,2022
"2801",48,2,236,2022
"2802",48,3,9,2022
"2803",48,4,1471,2022
"2804",48,6,11,2022
"2805",49,1,6633,2022
"2806",49,2,50,2022
"2807",49,3,9,2022
"2808",49,4,250,2022
"2809",50,1,3591,2022
"2810",50,2,313,2022
"2811",50,3,9,2022
"2812",50,4,2757,2022
"2813",52,1,57,2022
"2814",52,2,16,2022
"2815",52,4,32,2022
"2816",53,1,78,2022
"2817",53,2,7,2022
"2818",53,3,13,2022
"2819",53,4,2,2022
"2820",54,1,500,2022
"2821",54,2,21,2022
"2822",54,4,19,2022
"2823",55,1,855,2022
"2824",55,2,14,2022
"2825",55,3,7,2022
"2826",55,4,22,2022
"2827",56,1,1098,2022
"2828",56,4,3,2022
"2829",57,1,56623,2022
"2830",57,2,804,2022
"2831",57,4,533,2022
"2832",57,5,482,2022
"2833",57,7,220,2022
"2834",58,1,661,2022
"2835",58,2,31,2022
"2836",58,4,73,2022
"2837",60,1,49625,2022
"2838",60,2,1089,2022
"2839",60,4,570,2022
"2840",60,5,325,2022
"2841",61,1,15471,2022
"2842",61,2,1200,2022
"2843",61,4,80,2022
"2844",61,5,1943,2022
"2845",63,1,895,2022
"2846",65,1,140836,2022
"2847",65,2,24946,2022
"2848",65,3,359,2022
"2849",65,4,342,2022
"2850",65,5,107739,2022
"2851",65,7,628,2022
"2852",66,1,161,2022
"2853",66,2,4,2022
"2854",66,3,2,2022
"2855",68,1,51645,2022
"2856",68,2,1585,2022
"2857",68,3,166,2022
"2858",68,4,1121,2022
"2859",68,5,1545,2022
"2860",68,7,356,2022
"2861",69,1,7088,2022
"2862",69,2,2389,2022
"2863",69,4,65,2022
"2864",69,5,1480,2022
"2865",69,7,8,2022
"2866",70,1,8167,2022
"2867",70,2,682,2022
"2868",70,3,5,2022
"2869",70,4,929,2022
"2870",70,5,1198,2022
"2871",71,1,12408,2022
"2872",71,2,6211,2022
"2873",71,3,15,2022
"2874",71,4,61,2022
"2875",71,5,8812,2022
"2876",71,7,5,2022
"2877",72,1,493,2022
"2878",72,2,7,2022
"2879",73,1,483,2022
"2880",73,2,50,2022
"2881",73,4,45,2022
"2882",74,1,173,2022
"2883",74,2,20,2022
"2884",74,4,25,2022
"2885",75,1,4392,2022
"2886",75,2,1515,2022
"2887",75,3,86,2022
"2888",75,4,1189,2022
"2889",75,5,479,2022
"2890",76,1,14901,2022
"2891",76,2,1548,2022
"2892",76,4,1284,2022
"2893",76,5,7823,2022
"2894",77,1,5265,2022
"2895",77,2,442,2022
"2896",77,4,2016,2022
"2897",77,5,224,2022
"2898",79,1,866,2022
"2899",80,1,461,2022
"2900",80,2,52,2022
"2901",80,4,25,2022
"2902",84,1,1000,2022
"2903",84,2,2,2022
"2904",84,3,2,2022
"2905",84,4,14,2022
"2906",85,1,26349,2022
"2907",85,2,2028,2022
"2908",85,3,5,2022
"2909",85,4,838,2022
"2910",85,5,66,2022
"2911",85,7,218,2022
"2912",86,1,43130,2022
"2913",86,2,3067,2022
"2914",86,3,32,2022
"2915",86,4,3135,2022
"2916",86,5,3233,2022
"2917",86,7,1631,2022
"2918",87,1,5326,2022
"2919",87,2,594,2022
"2920",87,4,9,2022
"2921",87,5,1523,2022
"2922",87,7,20,2022
"2923",88,1,52729,2022
"2924",88,2,2531,2022
"2925",88,3,21,2022
"2926",88,4,18616,2022
"2927",88,5,1010,2022
"2928",88,6,4,2022
"2929",88,7,351,2022
"2930",89,1,1212,2022
"2931",89,2,36,2022
"2932",89,4,20,2022
"2933",93,1,732,2022
"2934",93,2,138,2022
"2935",93,4,1065,2022
"2936",93,5,249,2022
"2937",94,1,28283,2022
"2938",94,2,3748,2022
"2939",94,4,3065,2022
"2940",94,5,5381,2022
"2941",94,7,129,2022
"2942",95,1,298,2022
"2943",97,1,596,2022
"2944",97,2,1,2022
"2945",97,3,2,2022
"2946",97,4,2,2022
"2947",98,1,2426,2022
"2948",98,2,36,2022
"2949",98,4,61,2022
"2950",101,1,377,2022
"2951",101,2,2,2022
"2952",103,1,279,2022
"2953",104,1,553,2022
"2954",107,1,309,2022
"2955",111,1,676,2022
"2956",111,2,22,2022
"2957",111,3,81,2022
"2958",112,1,705,2022
"2959",112,2,11,2022
"2960",112,3,35,2022
"2961",112,4,1,2022
"2962",117,1,1686,2022
"2963",117,3,2,2022
"2964",118,1,1670,2022
"2965",118,3,3,2022
"2966",119,1,784,2022
"2967",119,2,33,2022
"2968",119,3,1,2022
"2969",119,4,247,2022
"2970",120,1,14950,2022
"2971",120,2,1242,2022
"2972",120,3,47,2022
"2973",120,4,2457,2022
"2974",120,5,197,2022
"2975",121,1,6950,2022
"2976",121,2,384,2022
"2977",121,3,1,2022
"2978",121,4,706,2022
"2979",121,5,22,2022
"2980",123,1,7710,2022
"2981",123,2,32,2022
"2982",123,4,57,2022
"2983",124,1,30460,2022
"2984",124,2,2517,2022
"2985",124,3,55,2022
"2986",124,4,428,2022
"2987",124,5,19854,2022
"2988",125,1,2533,2022
"2989",125,2,1,2022
"2990",125,4,6,2022
"2991",126,1,1686,2022
"2992",126,2,1,2022
"2993",127,1,67,2022
"2994",127,2,112,2022
"2995",127,4,155,2022
"2996",128,1,1152,2022
"2997",128,2,311,2022
"2998",128,4,546,2022
"2999",129,1,52717,2022
"3000",129,2,5070,2022
"3001",129,3,6684,2022
"3002",129,4,6376,2022
"3003",129,5,352,2022
"3004",129,6,318,2022
"3005",130,1,3905,2022
"3006",130,2,1337,2022
"3007",130,3,3583,2022
"3008",130,4,1710,2022
"3009",130,6,563,2022
"3010",131,1,15802,2022
"3011",131,2,986,2022
"3012",131,3,18,2022
"3013",131,4,2853,2022
"3014",131,5,806,2022
"3015",131,7,131,2022
"3016",132,1,1004,2022
"3017",132,2,112,2022
"3018",132,4,70,2022
"3019",133,1,14446,2022
"3020",133,2,2961,2022
"3021",133,3,14,2022
"3022",133,4,150,2022
"3023",133,5,4685,2022
"3024",134,1,12630,2022
"3025",134,2,184,2022
"3026",134,4,14,2022
"3027",134,5,1132,2022
"3028",135,1,413,2022
"3029",135,2,1,2022
"3030",136,1,4197,2022
"3031",136,2,180,2022
"3032",136,4,66,2022
"3033",136,5,1751,2022
"3034",138,1,7198,2022
"3035",138,2,1360,2022
"3036",138,3,73,2022
"3037",138,4,2222,2022
"3038",138,5,1254,2022
"3039",139,1,616,2022
"3040",139,2,1,2022
"3041",140,1,968,2022
"3042",140,2,30,2022
"3043",140,3,4,2022
"3044",140,4,6,2022
"3045",141,1,5382,2022
"3046",141,2,104,2022
"3047",141,4,52,2022
"3048",141,5,77,2022
"3049",142,1,2141,2022
"3050",142,2,136,2022
"3051",142,3,1,2022
"3052",142,4,212,2022
"3053",142,5,25,2022
"3054",144,1,11778,2022
"3055",144,2,774,2022
"3056",144,4,170,2022
"3057",144,5,271,2022
"3058",145,1,398,2022
"3059",145,2,89,2022
"3060",145,4,95,2022
"3061",147,1,1830,2022
"3062",147,2,216,2022
"3063",147,4,39,2022
"3064",148,1,3266,2022
"3065",148,2,277,2022
"3066",148,4,3,2022
"3067",149,1,3551,2022
"3068",149,2,1866,2022
"3069",149,4,6,2022
"3070",150,1,5780,2022
"3071",150,2,954,2022
"3072",150,4,43,2022
"3073",151,1,2513,2022
"3074",151,2,126,2022
"3075",152,1,920,2022
"3076",152,3,1,2022
"3077",155,1,1652,2022
"3078",155,2,365,2022
"3079",156,1,24741,2022
"3080",156,2,4518,2022
"3081",156,3,2,2022
"3082",156,4,247,2022
"3083",156,5,5559,2022
"3084",158,1,1354,2022
"3085",159,1,2126,2022
"3086",159,2,26,2022
"3087",159,3,19,2022
"3088",159,4,6,2022
"3089",160,1,5151,2022
"3090",160,2,39,2022
"3091",160,3,8,2022
"3092",160,4,3,2022
"3093",161,1,330,2022
"3094",161,2,42,2022
"3095",161,4,3,2022
"3096",162,1,817,2022
"3097",162,2,4,2022
"3098",162,4,20,2022
"3099",163,1,314,2022
"3100",163,2,9,2022
"3101",163,4,2,2022
"3102",164,1,1900,2022
"3103",164,2,13,2022
"3104",164,4,38,2022
"3105",164,5,1,2022
"3106",164,7,2,2022
"3107",165,1,490,2022
"3108",165,2,15,2022
"3109",165,4,5,2022
"3110",166,1,721,2022
"3111",166,2,39,2022
"3112",166,3,10,2022
"3113",166,4,23,2022
"3114",167,1,2516,2022
"3115",167,2,35,2022
"3116",167,3,2,2022
"3117",167,4,117,2022
"3118",168,1,1264,2022
"3119",168,2,5,2022
"3120",168,4,24,2022
"3121",168,5,2,2022
"3122",169,1,961,2022
"3123",169,2,55,2022
"3124",169,5,3,2022
"3125",170,1,530,2022
"3126",170,2,115,2022
"3127",170,4,2,2022
"3128",173,1,1777,2022
"3129",173,2,1173,2022
"3130",173,4,480,2022
"3131",174,1,323,2022
"3132",174,2,35,2022
"3133",174,4,3,2022
"3134",175,1,179,2022
"3135",175,2,12,2022
"3136",175,4,4,2022
"3137",176,1,2946,2022
"3138",176,2,904,2022
"3139",176,4,599,2022
"3140",177,1,2439,2022
"3141",177,2,129,2022
"3142",177,4,216,2022
"3143",178,1,3986,2022
"3144",178,2,73,2022
"3145",178,3,1,2022
"3146",178,4,355,2022
"3147",178,5,2,2022
"3148",180,1,2691,2022
"3149",180,2,227,2022
"3150",180,3,8,2022
"3151",180,4,108,2022
"3152",181,1,2910,2022
"3153",181,2,174,2022
"3154",181,3,4,2022
"3155",181,4,147,2022
"3156",181,7,153,2022
"3157",183,1,215,2022
"3158",184,1,2261,2022
"3159",184,2,657,2022
"3160",184,3,12,2022
"3161",184,4,125,2022
"3162",185,1,3828,2022
"3163",185,2,405,2022
"3164",185,4,87,2022
"3165",185,5,94,2022
"3166",186,1,3152,2022
"3167",187,1,1379,2022
"3168",187,3,1,2022
"3169",187,4,2,2022
"3170",189,1,381,2022
"3171",189,2,6,2022
"3172",189,3,1,2022
"3173",189,4,7,2022
"3174",190,1,625,2022
"3175",190,2,9,2022
"3176",190,4,3,2022
"3177",192,1,425,2022
"3178",192,2,2,2022
"3179",192,3,1,2022
"3180",192,4,3,2022
"3181",194,1,2566,2022
"3182",194,3,3,2022
"3183",195,1,1845,2022
"3184",195,2,67,2022
"3185",195,4,175,2022
"3186",196,1,310,2022
"3187",196,2,15,2022
"3188",196,3,3,2022
"3189",196,4,41,2022
"3190",197,1,14159,2022
"3191",197,2,88,2022
"3192",197,3,1,2022
"3193",197,4,74,2022
"3194",198,1,1633,2022
"3195",198,2,80,2022
"3196",198,3,1,2022
"3197",200,1,544,2022
"3198",200,2,6,2022
"3199",200,7,24,2022
"3200",201,1,1726,2022
"3201",201,2,4,2022
"3202",201,3,3,2022
"3203",202,1,556,2022
"3204",202,2,11,2022
"3205",202,3,3,2022
"3206",203,1,233,2022
"3207",205,1,2621,2022
"3208",205,2,65,2022
"3209",205,3,13,2022
"3210",205,5,172,2022
"3211",206,1,5266,2022
"3212",206,2,251,2022
"3213",206,3,1,2022
"3214",206,4,3,2022
"3215",206,5,1216,2022
"3216",208,1,2030,2022
"3217",208,2,3,2022
"3218",208,5,9,2022
"3219",209,1,1969,2022
"3220",209,2,6,2022
"3221",209,5,1,2022
"3222",210,1,1625,2022
"3223",210,2,96,2022
"3224",211,1,1915,2022
"3225",211,2,23,2022
"3226",211,5,40,2022
"3227",212,1,1331,2022
"3228",212,2,22,2022
"3229",212,5,29,2022
"3230",213,1,715,2022
"3231",213,2,10,2022
"3232",213,5,20,2022
"3233",214,1,3342,2022
"3234",214,2,1,2022
"3235",214,4,5,2022
"3236",216,1,724,2022
"3237",216,2,20,2022
"3238",216,5,14,2022
"3239",217,1,982,2022
"3240",217,2,30,2022
"3241",217,5,6,2022
"3242",219,1,2685,2022
"3243",219,2,209,2022
"3244",219,5,7,2022
"3245",220,1,470,2022
"3246",220,2,22,2022
"3247",220,3,9,2022
"3248",221,1,740,2022
"3249",221,2,65,2022
"3250",222,1,574,2022
"3251",222,2,202,2022
"3252",223,1,755,2022
"3253",223,2,93,2022
"3254",224,1,4106,2022
"3255",224,2,3279,2022
"3256",224,4,3,2022
"3257",224,5,323,2022
"3258",227,1,628,2022
"3259",227,2,16,2022
"3260",227,4,2,2022
"3261",228,1,2223,2022
"3262",230,1,2695,2022
"3263",231,1,694,2022
"3264",231,3,1,2022
"3265",233,1,10608,2022
"3266",233,2,737,2022
"3267",233,3,6,2022
"3268",233,5,425,2022
"3269",234,1,795,2022
"3270",235,1,1464,2022
"3271",235,3,1,2022
"3272",238,1,527,2022
"3273",238,2,5,2022
"3274",239,1,1482,2022
"3275",239,2,603,2022
"3276",239,3,5,2022
"3277",239,4,26,2022
"3278",239,5,127,2022
"3279",241,1,1516,2022
"3280",241,2,15,2022
"3281",241,4,21,2022
"3282",242,1,634,2022
"3283",243,1,4452,2022
"3284",243,2,1512,2022
"3285",243,3,24,2022
"3286",243,4,9,2022
"3287",243,5,540,2022
"3288",244,1,1592,2022
"3289",244,2,40,2022
"3290",244,3,3,2022
"3291",244,4,52,2022
"3292",245,1,319,2022
"3293",245,3,4,2022
"3294",247,1,379,2022
"3295",247,2,3,2022
"3296",247,4,40,2022
"3297",248,1,429,2022
"3298",248,3,1,2022
"3299",249,1,2508,2022
"3300",249,2,81,2022
"3301",249,3,29,2022
"3302",249,4,4,2022
"3303",249,5,283,2022
"3304",253,1,1233,2022
"3305",253,2,56,2022
"3306",259,1,489,2022
"3307",259,2,144,2022
"3308",259,4,210,2022
"3309",260,1,313,2022
"3310",260,4,1,2022
"3311",261,1,8066,2022
"3312",261,2,1496,2022
"3313",261,5,4072,2022
"3314",262,1,301,2022
"3315",262,2,5,2022
"3316",262,3,2,2022
"3317",262,4,2,2022
"3318",263,1,4544,2022
"3319",263,2,1145,2022
"3320",263,3,2,2022
"3321",263,4,2,2022
"3322",263,5,668,2022
"3323",269,1,1046,2022
"3324",269,2,51,2022
"3325",269,5,141,2022
"3326",270,1,2219,2022
"3327",270,2,72,2022
"3328",270,5,224,2022
"3329",274,1,3310,2022
"3330",274,2,2414,2022
"3331",274,4,29,2022
"3332",274,5,454,2022
"3333",276,1,722,2022
"3334",276,2,1,2022
"3335",276,4,32,2022
"3336",277,1,4316,2022
"3337",277,2,360,2022
"3338",277,3,1,2022
"3339",277,5,244,2022
"3340",278,1,975,2022
"3341",278,2,48,2022
"3342",278,5,386,2022
"3343",281,1,931,2022
"3344",281,2,76,2022
"3345",281,5,282,2022
"3346",282,1,2970,2022
"3347",282,2,102,2022
"3348",282,4,9,2022
"3349",284,1,10293,2022
"3350",284,2,5440,2022
"3351",284,3,1,2022
"3352",284,4,24,2022
"3353",284,5,3507,2022
"3354",284,6,1,2022
"3355",285,1,5337,2022
"3356",285,2,4166,2022
"3357",285,4,79,2022
"3358",285,5,1268,2022
"3359",288,1,388,2022
"3360",288,2,5,2022
"3361",288,4,10,2022
"3362",289,1,227,2022
"3363",289,2,58,2022
"3364",289,3,1,2022
"3365",289,4,45,2022
"3366",290,1,319,2022
"3367",290,2,17,2022
"3368",290,3,4,2022
"3369",290,4,53,2022
"3370",291,1,19387,2022
"3371",291,2,689,2022
"3372",291,4,191,2022
"3373",291,5,809,2022
"3374",294,1,757,2022
"3375",294,3,9,2022
"3376",296,1,1118,2022
"3377",296,2,627,2022
"3378",296,4,20,2022
"3379",296,5,744,2022
"3380",300,1,5117,2022
"3381",300,2,143,2022
"3382",300,4,63,2022
"3383",300,5,1615,2022
"3384",303,1,866,2022
"3385",306,1,2730,2022
"3386",306,2,1,2022
"3387",306,3,1,2022
"3388",306,4,2,2022
"3389",310,1,1400,2022
"3390",310,2,288,2022
"3391",310,4,11,2022
"3392",311,1,537,2022
"3393",311,2,8,2022
"3394",311,3,2,2022
"3395",311,4,67,2022
"3396",312,1,1391,2022
"3397",312,2,90,2022
"3398",312,4,119,2022
"3399",314,1,946,2022
"3400",316,1,333,2022
"3401",323,1,357,2022
"3402",323,2,1,2022
"3403",323,4,2,2022
"3404",324,1,392,2022
"3405",333,1,3540,2022
"3406",333,2,3,2022
"3407",333,4,5,2022
"3408",338,1,477,2022
"3409",340,1,554,2022
"3410",342,1,2311,2022
"3411",345,1,2380,2022
"3412",345,2,118,2022
"3413",345,5,52,2022
"3414",346,1,1434,2022
"3415",346,2,5,2022
"3416",347,1,981,2022
"3417",347,2,193,2022
"3418",348,1,2162,2022
"3419",348,2,8,2022
"3420",348,4,10,2022
"3421",350,1,602,2022
"3422",350,2,5,2022
"3423",351,1,880,2022
"3424",351,2,1,2022
"3425",351,5,2,2022
"3426",352,1,1738,2022
"3427",352,2,1007,2022
"3428",352,3,23,2022
"3429",353,1,821,2022
"3430",353,2,7,2022
"3431",353,4,7,2022
"3432",354,1,3693,2022
"3433",354,2,50,2022
"3434",354,4,251,2022
"3435",355,1,447,2022
"3436",355,2,6,2022
"3437",355,3,10,2022
"3438",360,1,701,2022
"3439",360,2,48,2022
"3440",360,4,54,2022
"3441",360,5,5,2022
"3442",361,1,281,2022
"3443",361,2,110,2022
"3444",361,3,2,2022
"3445",361,4,110,2022
"3446",364,1,170,2022
"3447",364,2,15,2022
"3448",364,3,15,2022
"3449",364,4,86,2022
"3450",365,1,327,2022
"3451",365,2,221,2022
"3452",365,4,198,2022
"3453",365,5,48,2022
"3454",370,1,2268,2022
"3455",370,2,108,2022
"3456",370,3,7,2022
"3457",370,4,48,2022
"3458",370,5,87,2022
"3459",370,7,10,2022
"3460",371,1,507,2022
"3461",371,2,289,2022
"3462",371,4,340,2022
"3463",372,1,461,2022
"3464",372,2,35,2022
"3465",372,4,157,2022
"3466",374,1,1678,2022
"3467",374,2,238,2022
"3468",374,4,417,2022
"3469",374,5,58,2022
"3470",377,1,207,2022
"3471",377,2,20,2022
"3472",377,3,4,2022
"3473",377,4,35,2022
"3474",378,1,303,2022
"3475",378,2,32,2022
"3476",378,3,1,2022
"3477",378,4,252,2022
"3478",379,1,138,2022
"3479",379,4,108,2022
"3480",380,1,533,2022
"3481",380,2,241,2022
"3482",380,4,351,2022
"3483",382,1,324,2022
"3484",382,2,26,2022
"3485",382,4,12,2022
"3486",384,1,812,2022
"3487",384,2,374,2022
"3488",384,3,2,2022
"3489",384,4,467,2022
"3490",384,5,97,2022
"3491",389,1,2166,2022
"3492",389,2,179,2022
"3493",389,3,4,2022
"3494",389,4,251,2022
"3495",390,1,531,2022
"3496",390,2,619,2022
"3497",390,4,47,2022
"3498",392,1,448,2022
"3499",392,2,45,2022
"3500",392,4,431,2022
"3501",393,1,4318,2022
"3502",393,2,2208,2022
"3503",393,3,1,2022
"3504",393,4,1950,2022
"3505",393,5,1576,2022
"3506",393,6,6,2022
"3507",395,1,743,2022
"3508",395,2,883,2022
"3509",395,4,210,2022
"3510",395,5,734,2022
"3511",396,1,239,2022
"3512",396,2,85,2022
"3513",396,3,4,2022
"3514",396,4,295,2022
"3515",396,5,68,2022
"3516",399,1,171,2022
"3517",399,2,185,2022
"3518",399,4,316,2022
"3519",402,1,114,2022
"3520",402,2,275,2022
"3521",402,4,193,2022
"3522",402,5,1,2022
"3523",406,1,540,2022
"3524",406,2,946,2022
"3525",406,4,33,2022
"3526",406,5,176,2022
"3527",408,1,2963,2022
"3528",408,2,1927,2022
"3529",408,4,227,2022
"3530",408,5,2160,2022
"3531",408,7,1,2022
"3532",410,1,485,2022
"3533",410,2,120,2022
"3534",410,3,1,2022
"3535",410,4,183,2022
"3536",410,5,9,2022
"3537",410,7,16,2022
"3538",413,1,625,2022
"3539",413,2,120,2022
"3540",413,3,37,2022
"3541",413,4,178,2022
"3542",413,5,126,2022
"3543",415,1,207,2022
"3544",415,2,158,2022
"3545",415,3,6,2022
"3546",415,4,148,2022
"3547",416,1,93,2022
"3548",416,2,311,2022
"3549",416,4,64,2022
"3550",416,5,2,2022
"3551",419,1,153,2022
"3552",419,2,11,2022
"3553",419,3,3,2022
"3554",419,4,283,2022
"3555",420,1,2319,2022
"3556",420,2,1530,2022
"3557",420,4,217,2022
"3558",420,5,577,2022
"3559",422,1,326,2022
"3560",422,2,535,2022
"3561",422,4,50,2022
"3562",422,5,2,2022
"3563",423,1,1708,2022
"3564",423,2,747,2022
"3565",423,4,286,2022
"3566",423,5,44,2022
"3567",426,1,436,2022
"3568",426,2,85,2022
"3569",426,4,3,2022
"3570",426,5,98,2022
"3571",427,1,1193,2022
"3572",427,2,497,2022
"3573",427,4,63,2022
"3574",427,5,71,2022
"3575",428,1,517,2022
"3576",428,2,27,2022
"3577",428,4,86,2022
"3578",431,1,28,2022
"3579",432,1,1626,2022
"3580",432,2,861,2022
"3581",432,4,112,2022
"3582",432,5,17,2022
"3583",432,7,9,2022
"3584",433,1,652,2022
"3585",433,2,5,2022
"3586",433,4,7,2022
"3587",434,1,123,2022
"3588",434,2,17,2022
"3589",434,4,9,2022
"3590",438,1,1488,2022
"3591",438,2,140,2022
"3592",438,4,101,2022
"3593",438,5,383,2022
"3594",439,1,283,2022
"3595",439,2,1648,2022
"3596",439,4,98,2022
"3597",439,5,421,2022
"3598",442,1,452,2022
"3599",442,2,445,2022
"3600",442,4,12,2022
"3601",442,5,97,2022
"3602",442,7,14,2022
"3603",444,1,5615,2022
"3604",444,2,836,2022
"3605",444,3,2,2022
"3606",444,4,1250,2022
"3607",444,5,539,2022
"3608",444,7,54,2022
"3609",445,1,391,2022
"3610",445,2,113,2022
"3611",445,4,358,2022
"3612",446,1,1921,2022
"3613",446,2,546,2022
"3614",446,4,977,2022
"3615",446,5,9,2022
"3616",448,1,3714,2022
"3617",448,2,379,2022
"3618",448,4,499,2022
"3619",448,5,248,2022
"3620",449,1,5332,2022
"3621",449,2,1575,2022
"3622",449,3,42,2022
"3623",449,4,410,2022
"3624",449,5,3269,2022
"3625",451,1,1126,2022
"3626",451,2,142,2022
"3627",451,4,111,2022
"3628",452,1,799,2022
"3629",452,2,124,2022
"3630",452,3,6,2022
"3631",452,4,320,2022
"3632",453,1,832,2022
"3633",453,2,276,2022
"3634",453,3,4,2022
"3635",453,4,1116,2022
"3636",454,1,1806,2022
"3637",454,2,3507,2022
"3638",454,3,12,2022
"3639",454,4,12269,2022
"3640",455,1,22514,2022
"3641",455,2,5558,2022
"3642",455,3,72,2022
"3643",455,4,42238,2022
"3644",456,1,3171,2022
"3645",456,2,3014,2022
"3646",456,3,106,2022
"3647",456,4,3787,2022
"3648",457,1,2909,2022
"3649",457,2,353,2022
"3650",457,4,139,2022
"3651",457,5,372,2022
"3652",458,1,3403,2022
"3653",458,2,480,2022
"3654",458,4,176,2022
"3655",458,5,700,2022
"3656",462,1,2132,2022
"3657",462,2,748,2022
"3658",462,4,60,2022
"3659",462,5,701,2022
"3660",470,1,1965,2022
"3661",470,2,1048,2022
"3662",470,3,37,2022
"3663",470,4,66,2022
"3664",470,5,1914,2022
"3665",471,1,112,2022
"3666",471,2,78,2022
"3667",471,5,34,2022
"3668",472,1,145,2022
"3669",472,2,67,2022
"3670",472,3,5,2022
"3671",472,4,1,2022
"3672",472,5,40,2022
"3673",476,1,4238,2022
"3674",476,2,785,2022
"3675",476,3,1,2022
"3676",476,4,14,2022
"3677",476,5,2180,2022
"3678",477,1,777,2022
"3679",477,2,403,2022
"3680",477,4,199,2022
"3681",477,5,324,2022
"3682",477,7,292,2022
"3683",478,1,2414,2022
"3684",478,2,472,2022
"3685",478,3,33,2022
"3686",478,4,12,2022
"3687",478,5,912,2022
"3688",479,1,2784,2022
"3689",479,2,900,2022
"3690",479,3,1,2022
"3691",479,4,115,2022
"3692",479,5,3653,2022
"3693",479,7,48,2022
"3694",480,1,18317,2022
"3695",480,2,3871,2022
"3696",480,3,3,2022
"3697",480,4,137,2022
"3698",480,5,7432,2022
"3699",480,7,1738,2022
"3700",481,1,25780,2022
"3701",481,2,1226,2022
"3702",481,3,118,2022
"3703",481,4,1391,2022
"3704",481,5,902,2022
"3705",481,6,7,2022
"3706",481,7,158,2022
"3707",482,1,1675,2022
"3708",482,2,425,2022
"3709",482,3,99,2022
"3710",482,7,18,2022
"3711",483,1,19530,2022
"3712",483,2,4390,2022
"3713",483,3,304,2022
"3714",483,4,1470,2022
"3715",483,5,19108,2022
"3716",483,7,1506,2022
"3717",486,1,79597,2022
"3718",486,2,8730,2022
"3719",486,3,279,2022
"3720",486,4,10421,2022
"3721",486,5,38968,2022
"3722",486,7,3073,2022
"3723",487,1,117107,2022
"3724",487,2,14116,2022
"3725",487,3,357,2022
"3726",487,4,17002,2022
"3727",487,5,2741,2022
"3728",487,6,4251,2022
"3729",487,7,3538,2022
"3730",488,1,32514,2022
"3731",488,2,4156,2022
"3732",488,3,4,2022
"3733",488,4,67,2022
"3734",488,6,2,2022
"3735",488,7,10152,2022
"3736",489,1,90977,2022
"3737",489,2,9629,2022
"3738",489,3,8268,2022
"3739",489,4,40,2022
"3740",489,5,88058,2022
"3741",489,7,625,2022
"3742",490,1,1519339,2022
"3743",490,2,114767,2022
"3744",490,3,30314,2022
"3745",490,4,3963,2022
"3746",490,5,24820,2022
"3747",490,6,1507,2022
"3748",490,7,5086,2022
"3749",491,1,19125,2022
"3750",491,2,496,2022
"3751",491,4,573,2022
"3752",491,5,537,2022
"3753",492,1,178184,2022
"3754",492,2,3051,2022
"3755",492,3,38,2022
"3756",492,4,108,2022
"3757",492,5,127,2022
"3758",492,NA,1898,2022
